/*!999999\- enable the sandbox mode */ 
-- MariaDB dump 10.19  Distrib 10.6.18-MariaDB, for debian-linux-gnu (x86_64)
--
-- Host: localhost    Database: new_flight_game
-- ------------------------------------------------------
-- Server version	10.6.18-MariaDB-0ubuntu0.22.04.1

/*!40101 SET @OLD_CHARACTER_SET_CLIENT=@@CHARACTER_SET_CLIENT */;
/*!40101 SET @OLD_CHARACTER_SET_RESULTS=@@CHARACTER_SET_RESULTS */;
/*!40101 SET @OLD_COLLATION_CONNECTION=@@COLLATION_CONNECTION */;
/*!40101 SET NAMES utf8mb4 */;
/*!40103 SET @OLD_TIME_ZONE=@@TIME_ZONE */;
/*!40103 SET TIME_ZONE='+00:00' */;
/*!40014 SET @OLD_UNIQUE_CHECKS=@@UNIQUE_CHECKS, UNIQUE_CHECKS=0 */;
/*!40014 SET @OLD_FOREIGN_KEY_CHECKS=@@FOREIGN_KEY_CHECKS, FOREIGN_KEY_CHECKS=0 */;
/*!40101 SET @OLD_SQL_MODE=@@SQL_MODE, SQL_MODE='NO_AUTO_VALUE_ON_ZERO' */;
/*!40111 SET @OLD_SQL_NOTES=@@SQL_NOTES, SQL_NOTES=0 */;

--
-- Table structure for table `airport`
--

--
-- Table structure for table `player`
--

DROP TABLE IF EXISTS `player`;
CREATE TABLE `player`(
    `Id` INT(11) NOT NULL AUTO_INCREMENT PRIMARY KEY,
    `user_name` VARCHAR(255) NOT NULL,
    `password` CHAR(60) NOT NULL,
    `co2_consumed` INT(11) NOT NULL,
    `money` INT(11) NOT NULL,
    `location` VARCHAR(255) NOT NULL
);

DROP TABLE IF EXISTS `airport`;
/*!40101 SET @saved_cs_client     = @@character_set_client */;
/*!40101 SET character_set_client = utf8 */;
CREATE TABLE `airport` (
  `id` int(11) NOT NULL,
  `ident` varchar(40) NOT NULL,
  `type` varchar(40) DEFAULT NULL,
  `name` varchar(40) DEFAULT NULL,
  `latitude_deg` double DEFAULT NULL,
  `longitude_deg` double DEFAULT NULL,
  `elevation_ft` int(11) DEFAULT NULL,
  `continent` varchar(40) DEFAULT NULL,
  `iso_country` varchar(40) DEFAULT NULL,
  `iso_region` varchar(40) DEFAULT NULL,
  `municipality` varchar(40) DEFAULT NULL,
  `scheduled_service` varchar(40) DEFAULT NULL,
  `gps_code` varchar(40) DEFAULT NULL,
  `iata_code` varchar(40) DEFAULT NULL,
  `local_code` varchar(40) DEFAULT NULL,
  `home_link` varchar(40) DEFAULT NULL,
  `wikipedia_link` varchar(40) DEFAULT NULL,
  `keywords` varchar(40) DEFAULT NULL,
  PRIMARY KEY (`ident`),
  KEY `iso_country` (`iso_country`),
  KEY `continent` (`continent`),
  CONSTRAINT `airport_ibfk_1` FOREIGN KEY (`iso_country`) REFERENCES `country` (`iso_country`)
) ENGINE=InnoDB DEFAULT CHARSET=latin1 COLLATE=latin1_swedish_ci;
/*!40101 SET character_set_client = @saved_cs_client */;

--
-- Dumping data for table `airport`
--

LOCK TABLES `airport` WRITE;
/*!40000 ALTER TABLE `airport` DISABLE KEYS */;
INSERT INTO `airport` VALUES (3,'AGGH','large_airport','Honiara International Airport',-9.428,160.054993,28,'OC','SB','SB-GU','Honiara','yes','AGGH','HIR','','','https://en.wikipedia.org/wiki/Honiara_In','Henderson Field'),(336960,'AQ-0005','medium_airport','Jack F. Paulus Skiway',-89.989444,-1,9300,'AN','AQ','AQ-U-A','Amundsen-Scott South Pole Station','no','NZSP','','','','https://en.wikipedia.org/wiki/Jack_F._Pa',''),(336951,'AQBC','medium_airport','Boulder Clay Runway',-74.739373,164.03539,672,'AN','AQ','AQ-U-A','Zucchelli Station','no','AQBC','','','','https://en.wikipedia.org/wiki/Zucchelli_',''),(336953,'AT03','medium_airport','Concordia Skyway',-75.103278,123.35825,10725,'AN','AQ','AQ-U-A','Concordia Station','no','AT03','','','','https://en.wikipedia.org/wiki/Concordia_',''),(336959,'AT28','medium_airport','Vostok Skiway',-78.466139,106.84825,11447,'AN','AQ','AQ-U-A','Vostok Station','no','AT28','','','','https://en.wikipedia.org/wiki/Vostok_Sta',''),(59,'AYHK','large_airport','Hoskins Airport',-5.46217,150.404999,66,'OC','PG','PG-WBK','Kimbe','yes','AYHK','HKN','','','https://en.wikipedia.org/wiki/Hoskins_Ai',''),(65,'AYMO','large_airport','Momote Airport',-2.06189,147.423996,12,'OC','PG','PG-MRL','Manus Island','yes','AYMO','MAS','','','https://en.wikipedia.org/wiki/Momote_Air',''),(67,'AYPY','large_airport','Port Moresby Jacksons International Airp',-9.443380355834961,147.22000122070312,146,'OC','PG','PG-NCD','Port Moresby','yes','AYPY','POM','','','https://en.wikipedia.org/wiki/Jacksons_I',''),(123,'BIKF','large_airport','Keflavik International Airport',63.985001,-22.6056,171,'EU','IS','IS-2','Reykjavík','yes','BIKF','KEF','','https://www.isavia.is/en/keflavik-airpor','https://en.wikipedia.org/wiki/Keflav%C3%','Keflavik Naval Air Station,REK'),(1717,'CYEG','large_airport','Edmonton International Airport',53.309700012200004,-113.580001831,2373,'NA','CA','CA-AB','Edmonton','yes','CYEG','YEG','CYEG','http://www.edmontonairports.com/','https://en.wikipedia.org/wiki/Edmonton_I','YEA'),(1770,'CYHZ','large_airport','Halifax / Stanfield International Airpor',44.8807983398,-63.5085983276,477,'NA','CA','CA-NS','Halifax','yes','CYHZ','YHZ','','http://www.hiaa.ca/','https://en.wikipedia.org/wiki/Halifax_In','Robert L. Stanfield International Airpor'),(1840,'CYOW','large_airport','Ottawa Macdonald-Cartier International A',45.3224983215332,-75.66919708251953,374,'NA','CA','CA-ON','Ottawa','yes','CYOW','YOW','YOW','http://www.ottawa-airport.ca/','https://en.wikipedia.org/wiki/Ottawa_Mac','Uplands, UUP, CUUP'),(1864,'CYQB','large_airport','Quebec Jean Lesage International Airport',46.7911,-71.393303,244,'NA','CA','CA-QC','Quebec','yes','CYQB','YQB','YQB','http://www.aeroportdequebec.com/','https://en.wikipedia.org/wiki/Qu%C3%A9be','Quebec City'),(1928,'CYUL','large_airport','Montreal / Pierre Elliott Trudeau Intern',45.4706001282,-73.7407989502,118,'NA','CA','CA-QC','Montréal','yes','CYUL','YUL','YUL','http://www.admtl.com/passager/Home.aspx','https://en.wikipedia.org/wiki/Montr%C3%A','YMQ, Dorval Airport'),(1941,'CYVR','large_airport','Vancouver International Airport',49.193901062,-123.183998108,14,'NA','CA','CA-BC','Vancouver','yes','CYVR','YVR','','http://www.yvr.ca/','https://en.wikipedia.org/wiki/Vancouver_',''),(1946,'CYWG','large_airport','Winnipeg / James Armstrong Richardson In',49.909999847399995,-97.2398986816,783,'NA','CA','CA-MB','Winnipeg','yes','CYWG','YWG','YWG','http://www.waa.ca/','https://en.wikipedia.org/wiki/Winnipeg_J','CFB Winnipeg'),(1973,'CYYC','large_airport','Calgary International Airport',51.113899231,-114.019996643,3557,'NA','CA','CA-AB','Calgary','yes','CYYC','YYC','','http://www.calgaryairport.com/','https://en.wikipedia.org/wiki/Calgary_In','McCall Field'),(1986,'CYYT','large_airport','St. John\'s International Airport',47.618598938,-52.7518997192,461,'NA','CA','CA-NL','St. John\'s','yes','CYYT','YYT','','http://www.stjohnsairport.com/','https://en.wikipedia.org/wiki/St._John\'s',''),(1990,'CYYZ','large_airport','Lester B. Pearson International Airport',43.6772003174,-79.63059997559999,569,'NA','CA','CA-ON','Toronto','yes','CYYZ','YYZ','YYZ','http://www.gtaa.com/','https://en.wikipedia.org/wiki/Toronto_Pe','YTO, Toronto International Airport, Malt'),(2050,'DAAG','large_airport','Houari Boumediene Airport',36.691002,3.21541,82,'AF','DZ','DZ-16','Algiers','yes','DAAG','ALG','','','https://en.wikipedia.org/wiki/Houari_Bou',''),(2090,'DGAA','large_airport','Kotoka International Airport',5.605189800262451,-0.16678600013256073,205,'AF','GH','GH-AA','Accra','yes','DGAA','ACC','','','https://en.wikipedia.org/wiki/Kotoka_Int',''),(2104,'DNAA','large_airport','Nnamdi Azikiwe International Airport',9.006790161132812,7.263169765472412,1123,'AF','NG','NG-FC','Abuja','yes','DNAA','ABV','','http://www.faannigeria.org/nigeria-airpo','https://en.wikipedia.org/wiki/Nnamdi_Azi',''),(2118,'DNMM','large_airport','Murtala Muhammed International Airport',6.5773701667785645,3.321160078048706,135,'AF','NG','NG-LA','Lagos','yes','DNMM','LOS','','http://www.faannigeria.org/nigeria-airpo','https://en.wikipedia.org/wiki/Murtala_Mo',''),(2125,'DRRN','large_airport','Diori Hamani International Airport',13.4815,2.18361,732,'AF','NE','NE-8','Niamey','yes','DRRN','NIM','','','https://en.wikipedia.org/wiki/Diori_Hama',''),(2133,'DTTA','large_airport','Tunis Carthage International Airport',36.85100173950195,10.22719955444336,22,'AF','TN','TN-11','Tunis','yes','DTTA','TUN','','http://www.oaca.nat.tn/english/div_horiz','https://en.wikipedia.org/wiki/Tunis-Cart','Aéroport international de Tunis-Carthage'),(2155,'EBBR','large_airport','Brussels Airport',50.901401519800004,4.48443984985,184,'EU','BE','BE-BRU','Brussels','yes','EBBR','BRU','','http://www.brusselsairport.be/en/','https://en.wikipedia.org/wiki/Brussels_A',''),(301881,'EDDB','large_airport','Berlin Brandenburg Airport',52.351389,13.493889,157,'EU','DE','DE-BR','Berlin','yes','EDDB','BER','','https://ber.berlin-airport.de/','https://en.wikipedia.org/wiki/Berlin_Bra',''),(2212,'EDDF','large_airport','Frankfurt am Main Airport',50.036249,8.559294,364,'EU','DE','DE-HE','Frankfurt am Main','yes','EDDF','FRA','','http://www.frankfurt-airport.de/','https://en.wikipedia.org/wiki/Frankfurt_','EDAF, Rhein-Main Air Base'),(2214,'EDDH','large_airport','Hamburg Helmut Schmidt Airport',53.630402,9.98823,53,'EU','DE','DE-HH','Hamburg','yes','EDDH','HAM','','https://www.hamburg-airport.de/en/','https://en.wikipedia.org/wiki/Hamburg_Ai','Hamburg-Fuhlsbüttel Airport'),(2216,'EDDK','large_airport','Cologne Bonn Airport',50.8658981323,7.1427397728,302,'EU','DE','DE-NW','Cologne','yes','EDDK','CGN','','http://www.koeln-bonn-airport.de/en/','https://en.wikipedia.org/wiki/Cologne_Bo','Köln'),(2217,'EDDL','large_airport','Düsseldorf Airport',51.289501,6.76678,147,'EU','DE','DE-NW','Düsseldorf','yes','EDDL','DUS','','http://www.dus.com/dus_en/','https://en.wikipedia.org/wiki/D%C3%BCsse',''),(2218,'EDDM','large_airport','Munich Airport',48.353802,11.7861,1487,'EU','DE','DE-BY','Munich','yes','EDDM','MUC','','http://www.munich-airport.com/','https://en.wikipedia.org/wiki/Munich_Air','Franz Josef Strauss Airport, Flughafen M'),(2219,'EDDN','large_airport','Nuremberg Airport',49.498699,11.078056,1046,'EU','DE','DE-BY','Nuremberg','yes','EDDN','NUE','','https://www.airport-nuernberg.de/english','https://en.wikipedia.org/wiki/Nuremberg_','Nürnberg'),(2220,'EDDP','large_airport','Leipzig/Halle Airport',51.423889,12.236389,465,'EU','DE','DE-SN','Leipzig','yes','EDDP','LEJ','','http://www.leipzig-halle-airport.de/en/i','https://en.wikipedia.org/wiki/Leipzig/Ha','Schkeuditz Airport'),(2222,'EDDS','large_airport','Stuttgart Airport',48.689899444599995,9.22196006775,1276,'EU','DE','DE-BW','Stuttgart','yes','EDDS','STR','','http://www.flughafen-stuttgart.de/','https://en.wikipedia.org/wiki/Stuttgart_',''),(2224,'EDDV','large_airport','Hannover Airport',52.461101532,9.685079574580001,183,'EU','DE','DE-NI','Hannover','yes','EDDV','HAJ','','','https://en.wikipedia.org/wiki/Hanover/La',''),(2301,'EETN','large_airport','Lennart Meri Tallinn Airport',59.41329956049999,24.832799911499997,131,'EU','EE','EE-37','Tallinn','yes','EETN','TLL','','http://www.tallinn-airport.ee/eng','https://en.wikipedia.org/wiki/Tallinn_Ai',''),(2307,'EFHK','large_airport','Helsinki Vantaa Airport',60.3172,24.963301,179,'EU','FI','FI-18','Helsinki','yes','EFHK','HEL','','http://www.finavia.fi/en/helsinki-airpor','https://en.wikipedia.org/wiki/Helsinki_A',''),(2385,'EGAA','large_airport','Belfast International Airport',54.6575012207,-6.2158298492399995,268,'EU','GB','GB-NIR','Belfast','yes','EGAA','BFS','','http://www.belfastairport.com/','https://en.wikipedia.org/wiki/Belfast_In','Aldergrove, RAF Aldergrove'),(2389,'EGBB','large_airport','Birmingham International Airport',52.453899383499994,-1.74802994728,327,'EU','GB','GB-ENG','Birmingham','yes','EGBB','BHX','','http://www.bhx.co.uk/','https://en.wikipedia.org/wiki/Birmingham',''),(2398,'EGCC','large_airport','Manchester Airport',53.349375,-2.279521,257,'EU','GB','GB-ENG','Manchester','yes','EGCC','MAN','','http://www.manchesterairport.co.uk/','https://en.wikipedia.org/wiki/Manchester','Ringway Airport, RAF Ringway'),(2419,'EGGW','large_airport','London Luton Airport',51.874698638916016,-0.36833301186561584,526,'EU','GB','GB-ENG','London','yes','EGGW','LTN','','http://www.london-luton.co.uk/en/','https://en.wikipedia.org/wiki/London_Lut','LON'),(2429,'EGKK','large_airport','London Gatwick Airport',51.148102,-0.190278,202,'EU','GB','GB-ENG','London','yes','EGKK','LGW','','http://www.gatwickairport.com/','https://en.wikipedia.org/wiki/Gatwick_Ai','LON, Crawley, Charlwood'),(2434,'EGLL','large_airport','London Heathrow Airport',51.4706,-0.461941,83,'EU','GB','GB-ENG','London','yes','EGLL','LHR','','http://www.heathrowairport.com/','https://en.wikipedia.org/wiki/Heathrow_A','LON, Londres'),(2461,'EGPF','large_airport','Glasgow International Airport',55.871899,-4.43306,26,'EU','GB','GB-SCT','Paisley, Renfrewshire','yes','EGPF','GLA','','http://www.glasgowairport.com/','https://en.wikipedia.org/wiki/Glasgow_In','Port-adhair Eadar-nàiseanta Ghlaschu, RA'),(2462,'EGPH','large_airport','Edinburgh Airport',55.950145,-3.372288,135,'EU','GB','GB-SCT','Edinburgh','yes','EGPH','EDI','','http://www.edinburghairport.com/','https://en.wikipedia.org/wiki/Edinburgh_',''),(2476,'EGSS','large_airport','London Stansted Airport',51.8849983215,0.234999999404,348,'EU','GB','GB-ENG','London','yes','EGSS','STN','','http://www.stanstedairport.com/','https://en.wikipedia.org/wiki/London_Sta','LON'),(2513,'EHAM','large_airport','Amsterdam Airport Schiphol',52.308601,4.76389,-11,'EU','NL','NL-NH','Amsterdam','yes','EHAM','AMS','','http://www.schiphol.nl/','https://en.wikipedia.org/wiki/Amsterdam_',''),(2518,'EHEH','large_airport','Eindhoven Airport',51.4500999451,5.37452983856,74,'EU','NL','NL-NB','Eindhoven','yes','EHEH','EIN','','http://www.eindhovenairport.nl/','https://en.wikipedia.org/wiki/Eindhoven_','Welschap Airport'),(2533,'EIDW','large_airport','Dublin Airport',53.421299,-6.27007,242,'EU','IE','IE-D','Dublin','yes','EIDW','DUB','','http://www.dublinairport.com/','https://en.wikipedia.org/wiki/Dublin_Air','Aerfort Bhaile Átha Cliath'),(2537,'EINN','large_airport','Shannon Airport',52.702,-8.92482,46,'EU','IE','IE-CE','Shannon','yes','EINN','SNN','','http://www.shannonairport.com/','https://en.wikipedia.org/wiki/Shannon_Ai',''),(2541,'EKBI','large_airport','Billund Airport',55.7402992249,9.15178012848,247,'EU','DK','DK-83','Billund','yes','EKBI','BLL','','http://www.billund-airport.dk/?sc_lang=e','https://en.wikipedia.org/wiki/Billund_Ai',''),(2542,'EKCH','large_airport','Copenhagen Kastrup Airport',55.617900848389,12.656000137329,17,'EU','DK','DK-84','Copenhagen','yes','EKCH','CPH','','http://www.cph.dk/en/','https://en.wikipedia.org/wiki/Copenhagen','København, Malmö'),(2563,'ELLX','large_airport','Luxembourg-Findel International Airport',49.6233333,6.2044444,1234,'EU','LU','LU-L','Luxembourg','yes','ELLX','LUX','','http://www.lux-airport.lu/en/','https://en.wikipedia.org/wiki/Luxembourg',''),(2570,'ENBR','large_airport','Bergen Airport, Flesland',60.2934,5.21814,170,'EU','NO','NO-46','Bergen','yes','ENBR','BGO','','http://www.avinor.no/en/airport/bergen','https://en.wikipedia.org/wiki/Bergen_Air',''),(2578,'ENGM','large_airport','Oslo Airport, Gardermoen',60.193901,11.1004,681,'EU','NO','NO-30','Oslo','yes','ENGM','OSL','','https://avinor.no/en/airport/oslo-airpor','https://en.wikipedia.org/wiki/Oslo_Airpo',''),(2599,'ENTC','large_airport','Tromsø Airport, Langnes',69.683296,18.9189,31,'EU','NO','NO-54','Tromsø','yes','ENTC','TOS','','http://www.avinor.no/en/airport/tromso','https://en.wikipedia.org/wiki/Troms%C3%B','Langnes, Tromsøya, Tromso'),(2601,'ENVA','large_airport','Trondheim Airport, Værnes',63.457802,10.924,56,'EU','NO','NO-50','Trondheim','yes','ENVA','TRD','','https://avinor.no/en/airport/trondheim-a','https://en.wikipedia.org/wiki/Trondheim_',''),(2602,'ENZV','large_airport','Stavanger Airport, Sola',58.876701,5.63778,29,'EU','NO','NO-11','Stavanger','yes','ENZV','SVG','','http://www.avinor.no/en/airport/stavange','https://en.wikipedia.org/wiki/Stavanger_','Sola Air Station, Stavanger lufthavn, So'),(2608,'EPGD','large_airport','Gda?sk Lech Wa??sa Airport',54.377601623535156,18.46619987487793,489,'EU','PL','PL-PM','Gda?sk','yes','EPGD','GDN','','http://www.airport.gdansk.pl/','https://en.wikipedia.org/wiki/Gda%C5%84s','Gda?sk-R?biechowo'),(2609,'EPKK','large_airport','Kraków John Paul II International Airpor',50.077702,19.7848,791,'EU','PL','PL-MA','Kraków','yes','EPKK','KRK','','http://www.krakowairport.pl/en/','https://en.wikipedia.org/wiki/Kraków_Joh','Krakov'),(2637,'EPWA','large_airport','Warsaw Chopin Airport',52.1656990051,20.967100143399996,362,'EU','PL','PL-MZ','Warsaw','yes','EPWA','WAW','','http://www.lotnisko-chopina.pl/?lang=en','https://en.wikipedia.org/wiki/Warsaw_Fre','Ok?cie'),(2648,'ESGG','large_airport','Gothenburg-Landvetter Airport',57.662799835205,12.279800415039,506,'EU','SE','SE-Q','Gothenburg','yes','ESGG','GOT','','https://www.swedavia.com/landvetter/','https://en.wikipedia.org/wiki/Gothenburg','Göteborg-Landvetter'),(2701,'ESSA','large_airport','Stockholm-Arlanda Airport',59.651901245117,17.918600082397,137,'EU','SE','SE-AB','Stockholm','yes','ESSA','ARN','','http://www.swedavia.se/arlanda/','https://en.wikipedia.org/wiki/Stockholm-',''),(2758,'EVRA','large_airport','Riga International Airport',56.92359924316406,23.971099853515625,36,'EU','LV','LV-RIX','Riga','yes','EVRA','RIX','','http://www.riga-airport.com/','https://en.wikipedia.org/wiki/Riga_Inter',''),(2766,'EYVI','large_airport','Vilnius International Airport',54.634102,25.285801,648,'EU','LT','LT-VL','Vilnius','yes','EYVI','VNO','','http://www.vilnius-airport.lt/en/','https://en.wikipedia.org/wiki/Vilnius_In',''),(2775,'FACT','large_airport','Cape Town International Airport',-33.9648017883,18.6016998291,151,'AF','ZA','ZA-WC','Cape Town','yes','FACT','CPT','','http://www.airports.co.za/home.asp?pid=2','https://en.wikipedia.org/wiki/Cape_Town_','Kaapstad Internasionale Lughawe, CTIA, D'),(300795,'FALE','large_airport','King Shaka International Airport',-29.6144444444,31.1197222222,295,'AF','ZA','ZA-NL','Durban','yes','FALE','DUR','','','https://en.wikipedia.org/wiki/King_Shaka','La Mercy Airport'),(31055,'FAOR','large_airport','OR Tambo International Airport',-26.1392,28.246,5558,'AF','ZA','ZA-GT','Johannesburg','yes','FAOR','JNB','','','','Johannesburg International Airport'),(2864,'FBSK','large_airport','Sir Seretse Khama International Airport',-24.555201,25.9182,3299,'AF','BW','BW-SE','Gaborone','yes','FBSK','GBE','','','https://en.wikipedia.org/wiki/Sir_Serets',''),(308033,'FDSK','large_airport','King Mswati III International Airport',-26.358611,31.716944,1092,'AF','SZ','SZ-LU','Mpaka','yes','FDSK','SHO','','http://www.eswacaa.co.sz/airports/kingms','https://en.wikipedia.org/wiki/King_Mswat','Sikhuphe International Airport'),(2878,'FIMP','large_airport','Sir Seewoosagur Ramgoolam International ',-20.430201,57.683601,186,'AF','MU','MU-GP','Plaine Magnein','yes','FIMP','MRU','','http://aml.mru.aero/','https://en.wikipedia.org/wiki/Sir_Seewoo','Plaisance International Airport'),(2894,'FLLS','large_airport','Kenneth Kaunda International Airport',-15.3308,28.4526,3779,'AF','ZM','ZM-09','Lusaka','yes','FLKK','LUN','','http://www.nacl.co.zm/?page_id=336','https://en.wikipedia.org/wiki/Kenneth_Ka',''),(2905,'FMEE','large_airport','Roland Garros Airport',-20.8871,55.5103,66,'AF','RE','RE-U-A','St Denis','yes','FMEE','RUN','','http://www.reunion.aeroport.fr/index.htm','https://en.wikipedia.org/wiki/Roland_Gar','Gillot Airport'),(2908,'FMMI','large_airport','Ivato Airport',-18.7969,47.478802,4198,'AF','MG','MG-T','Antananarivo','yes','FMMI','TNR','','','https://en.wikipedia.org/wiki/Ivato_Airp',''),(2942,'FNLU','large_airport','Quatro de Fevereiro Airport',-8.85837,13.2312,243,'AF','AO','AO-LUA','Luanda','yes','FNLU','LAD','','','https://en.wikipedia.org/wiki/Quatro_de_','4 de Fevereiro'),(2975,'FQMA','large_airport','Maputo Airport',-25.920799,32.572601,145,'AF','MZ','MZ-MPM','Maputo','yes','FQMA','MPM','','','https://en.wikipedia.org/wiki/Maputo_Int',''),(2993,'FSIA','large_airport','Seychelles International Airport',-4.67434,55.521801,10,'AF','SC','SC-20','Mahe Island','yes','FSIA','SEZ','','','https://en.wikipedia.org/wiki/Seychelles',''),(2998,'FTTJ','large_airport','N\'Djamena International Airport',12.1337,15.034,968,'AF','TD','TD-CB','N\'Djamena','yes','FTTJ','NDJ','','','https://en.wikipedia.org/wiki/N\'Djamena_','Ndjamena Hassan Djamous'),(3005,'FVHA','large_airport','Robert Gabriel Mugabe International Airp',-17.931801,31.0928,4887,'AF','ZW','ZW-HA','Harare','yes','FVRG','HRE','','','https://en.wikipedia.org/wiki/Harare_Int','FVHA,Harare'),(3039,'FYWH','large_airport','Hosea Kutako International Airport',-22.4799,17.4709,5640,'AF','NA','NA-KH','Windhoek','yes','FYWH','WDH','','http://airports.com.na/','https://en.wikipedia.org/wiki/Windhoek_H','J.G. Strijdom Airport'),(3040,'FZAA','large_airport','Ndjili International Airport',-4.38575,15.4446,1027,'AF','CD','CD-KN','Kinshasa','yes','FZAA','FIH','','','https://en.wikipedia.org/wiki/N%27djili_',''),(3066,'GABS','large_airport','Modibo Keita International Airport',12.5335,-7.94994,1247,'AF','ML','ML-2','Bamako','yes','GABS','BKO','','','https://en.wikipedia.org/wiki/Bamako%E2%','Senou Airport'),(3076,'GBYD','large_airport','Banjul International Airport',13.338,-16.652201,95,'AF','GM','GM-W','Banjul','yes','GBYD','BJL','','','https://en.wikipedia.org/wiki/Banjul_Int','Yundum international Airport'),(3077,'GCFV','large_airport','Fuerteventura Airport',28.4527,-13.8638,85,'EU','ES','ES-CN','Fuerteventura Island','yes','GCFV','FUE','','https://www.aena.es/en/fuerteventura.htm','https://en.wikipedia.org/wiki/El_Matorra',''),(3081,'GCLP','large_airport','Gran Canaria Airport',27.9319,-15.3866,78,'EU','ES','ES-CN','Gran Canaria Island','yes','GCLP','LPA','','https://www.aena.es/en/gran-canaria.html','https://en.wikipedia.org/wiki/Gran_Canar','Canary Islands, Las Palmas Airport, Gand'),(3082,'GCRR','large_airport','César Manrique-Lanzarote Airport',28.945499,-13.6052,46,'EU','ES','ES-CN','Lanzarote Island','yes','GCRR','ACE','','https://www.aena.es/en/cesar-manrique-la','https://en.wikipedia.org/wiki/Lanzarote_','Arrecife Airport'),(3083,'GCTS','large_airport','Tenerife Sur Airport',28.0445,-16.5725,209,'EU','ES','ES-CN','Tenerife','yes','GCTS','TFS','','https://www.aena.es/en/tenerife-sur.html','https://en.wikipedia.org/wiki/Tenerife%E','Canary Islands, Reina Sofía, TCI, Teneri'),(3095,'GFLL','large_airport','Lungi International Airport',8.61644,-13.1955,84,'AF','SL','SL-N','Freetown (Lungi-Town)','yes','GFLL','FNA','','http://www.freetownairport.com/','https://en.wikipedia.org/wiki/Lungi_Inte',''),(3099,'GLRB','large_airport','Roberts International Airport',6.23379,-10.3623,31,'AF','LR','LR-MG','Monrovia','yes','GLRB','ROB','','','https://en.wikipedia.org/wiki/Roberts_In',''),(3113,'GMMN','large_airport','Mohammed V International Airport',33.36750030517578,-7.589970111846924,656,'AF','MA','MA-CAS','Casablanca','yes','GMMN','CMN','','http://www.onda.ma/ONDA/Fr/Espaces/Espac','https://en.wikipedia.org/wiki/Mohammed_V','CAS, Casabianca, Nouasseur'),(325736,'GOBD','large_airport','Blaise Diagne International Airport',14.67,-17.073333,290,'AF','SN','SN-DK','Dakar','yes','GOBD','DSS','','http://www.dakaraeroport.com/','https://en.wikipedia.org/wiki/Blaise_Dia','dakar,new dakar airport, dakar airport, '),(323315,'GQNO','large_airport','Nouakchott–Oumtounsy International Airpo',18.31,-15.9697222,9,'AF','MR','MR-NKC','Nouakchott','yes','GQNO','NKC','','','https://en.wikipedia.org/wiki/Nouakchott','Nouakchott,Oumtounsy'),(3150,'GVAC','large_airport','Amílcar Cabral International Airport',16.7414,-22.9494,177,'AF','CV','CV-B','Espargos','yes','GVAC','SID','','','https://en.wikipedia.org/wiki/Am%C3%ADlc','Sal Island'),(3157,'HAAB','large_airport','Addis Ababa Bole International Airport',8.97789,38.799301,7630,'AF','ET','ET-AA','Addis Ababa','yes','HAAB','ADD','','http://www.ethiopianairports.com','https://en.wikipedia.org/wiki/Bole_Inter','Haile Selassie I, Bole International Air'),(3174,'HDAM','large_airport','Djibouti-Ambouli Airport',11.5473,43.1595,49,'AF','DJ','DJ-DJ','Djibouti City','yes','HDAM','JIB','','','https://en.wikipedia.org/wiki/Djibouti-A','Camp Lemonnier'),(3183,'HECA','large_airport','Cairo International Airport',30.12190055847168,31.40559959411621,382,'AF','EG','EG-C','Cairo','yes','HECA','CAI','','','https://en.wikipedia.org/wiki/Cairo_Inte',''),(3186,'HEGN','large_airport','Hurghada International Airport',27.180325,33.807292,32,'AF','EG','EG-BA','Hurghada','yes','HEGN','HRG','','','https://en.wikipedia.org/wiki/Hurghada_I','Al Ghardaqah, ???????'),(3198,'HESH','large_airport','Sharm El Sheikh International Airport',27.977301,34.395,143,'AF','EG','EG-JS','Sharm el-Sheikh','yes','HESH','SSH','','','https://en.wikipedia.org/wiki/Sharm_el-S',''),(3247,'HJJJ','large_airport','Juba International Airport',4.87201,31.601101,1513,'AF','SS','SS-17','Juba','yes','HJJJ','JUB','','','https://en.wikipedia.org/wiki/Juba_Airpo','JIA, HSSJ'),(3206,'HKJK','large_airport','Jomo Kenyatta International Airport',-1.31923997402,36.9277992249,5330,'AF','KE','KE-110','Nairobi','yes','HKJK','NBO','','http://www.kenyaairports.com/jkia/IndexJ','https://en.wikipedia.org/wiki/Jomo_Kenya','Jkia Airport, Embakasi Airport, Nairobi '),(3213,'HKMO','large_airport','Moi International Airport',-4.03483,39.5942,200,'AF','KE','KE-300','Mombasa','yes','HKMO','MBA','','http://www.kenyaairports.co.ke/kaa/airpo','https://en.wikipedia.org/wiki/Moi_Intern','Mombasa, Port Reitz'),(3227,'HLLT','large_airport','Tripoli International Airport',32.663502,13.159,263,'AF','LY','LY-TB','Tripoli','yes','HLLT','TIP','','','https://en.wikipedia.org/wiki/Tripoli_In','Tripoli-Castel Benito Airport, RAF Caste'),(3237,'HRYR','large_airport','Kigali International Airport',-1.96863,30.1395,4859,'AF','RW','RW-01','Kigali','yes','HRYR','KGL','','','https://en.wikipedia.org/wiki/Kigali_Int','Gregoire Kayibanda International Airport'),(3249,'HSSK','large_airport','Khartoum International Airport',15.5895,32.5532,1265,'AF','SD','SD-03','Khartoum','yes','HSSK','KRT','','','https://en.wikipedia.org/wiki/Khartoum_I','HSSS'),(3251,'HTDA','large_airport','Julius Nyerere International Airport',-6.87811,39.202599,182,'AF','TZ','TZ-02','Dar es Salaam','yes','HTDA','DAR','','http://www.tanzaniairports.com/','https://en.wikipedia.org/wiki/Julius_Nye','HTJN, Mwalimu Julius K. Nyerere, Dar es '),(3260,'HTZA','large_airport','Abeid Amani Karume International Airport',-6.22202,39.224899,54,'AF','TZ','TZ-07','Zanzibar','yes','HTZA','ZNZ','','','https://en.wikipedia.org/wiki/Zanzibar_I','HTAK, Zanzibar Airport, Kiembi Samaki'),(3263,'HUEN','large_airport','Entebbe International Airport',0.042386,32.443501,3782,'AF','UG','UG-C','Kampala','yes','HUEN','EBB','','https://entebbe-airport.com/','https://en.wikipedia.org/wiki/Entebbe_In',''),(3364,'KADW','large_airport','Joint Base Andrews',38.810799,-76.866997,280,'NA','US','US-MD','Camp Springs','no','KADW','ADW','ADW','http://www.jba.af.mil/','https://en.wikipedia.org/wiki/Joint_Base','Andrews Air Force Base'),(3384,'KATL','large_airport','Hartsfield Jackson Atlanta International',33.6367,-84.428101,1026,'NA','US','US-GA','Atlanta','yes','KATL','ATL','ATL','http://www.atlanta-airport.com/','https://en.wikipedia.org/wiki/Hartsfield',''),(3386,'KAUS','large_airport','Austin Bergstrom International Airport',30.197535,-97.662015,542,'NA','US','US-TX','Austin','yes','KAUS','AUS','AUS','http://www.ci.austin.tx.us/austinairport','https://en.wikipedia.org/wiki/Austin-Ber',''),(3420,'KBNA','large_airport','Nashville International Airport',36.1245002746582,-86.6781997680664,599,'NA','US','US-TN','Nashville','yes','KBNA','BNA','BNA','','https://en.wikipedia.org/wiki/Nashville_',''),(3422,'KBOS','large_airport','Logan International Airport',42.3643,-71.005203,20,'NA','US','US-MA','Boston','yes','KBOS','BOS','BOS','http://www.massport.com/logan/','https://en.wikipedia.org/wiki/Logan_Inte','General Edward Lawrence Logan Internatio'),(3431,'KBUF','large_airport','Buffalo Niagara International Airport',42.94049835,-78.73220062,728,'NA','US','US-NY','Buffalo','yes','KBUF','BUF','BUF','','https://en.wikipedia.org/wiki/Buffalo_Ni',''),(3435,'KBWI','large_airport','Baltimore/Washington International Thurg',39.1754,-76.668297,146,'NA','US','US-MD','Baltimore','yes','KBWI','BWI','BWI','https://www.bwiairport.com/','https://en.wikipedia.org/wiki/Baltimore%','WAS'),(3454,'KCLE','large_airport','Cleveland Hopkins International Airport',41.4117012024,-81.8498001099,791,'NA','US','US-OH','Cleveland','yes','KCLE','CLE','CLE','http://www.clevelandairport.com/','https://en.wikipedia.org/wiki/Cleveland_',''),(3457,'KCLT','large_airport','Charlotte Douglas International Airport',35.2140007019043,-80.94309997558594,748,'NA','US','US-NC','Charlotte','yes','KCLT','CLT','CLT','http://www.charlotteairport.com/','https://en.wikipedia.org/wiki/Charlotte/',''),(19517,'KCMA','large_airport','Camarillo International Airport',34.213699,-119.094002,77,'NA','US','US-CA','Camarillo','no','KCMA','','CMA','','https://en.wikipedia.org/wiki/Camarillo_',''),(3458,'KCMH','large_airport','John Glenn Columbus International Airpor',39.998001,-82.891899,815,'NA','US','US-OH','Columbus','yes','KCMH','CMH','CMH','https://flycolumbus.com/','https://en.wikipedia.org/wiki/Port_Colum',''),(3471,'KCVG','large_airport','Cincinnati Northern Kentucky Internation',39.048801,-84.667801,896,'NA','US','US-KY','Cincinnati / Covington','yes','KCVG','CVG','CVG','','https://en.wikipedia.org/wiki/Cincinnati',''),(3483,'KDCA','large_airport','Ronald Reagan Washington National Airpor',38.8521,-77.037697,15,'NA','US','US-DC','Washington','yes','KDCA','DCA','DCA','http://www.flyreagan.com/dca/reagan-nati','https://en.wikipedia.org/wiki/Ronald_Rea','WAS'),(3486,'KDEN','large_airport','Denver International Airport',39.861698150635,-104.672996521,5431,'NA','US','US-CO','Denver','yes','KDEN','DEN','DEN','http://www.flydenver.com/','https://en.wikipedia.org/wiki/Denver_Int','DVX, KVDX'),(3488,'KDFW','large_airport','Dallas Fort Worth International Airport',32.896801,-97.038002,607,'NA','US','US-TX','Dallas-Fort Worth','yes','KDFW','DFW','DFW','https://www.dfwairport.com/','https://en.wikipedia.org/wiki/Dallas/For','QDF'),(3497,'KDTW','large_airport','Detroit Metropolitan Wayne County Airpor',42.212398529052734,-83.35340118408203,645,'NA','US','US-MI','Detroit','yes','KDTW','DTW','DTW','http://www.metroairport.com/','https://en.wikipedia.org/wiki/Detroit_Me','DTT, Detroit Metro Airport'),(3521,'KEWR','large_airport','Newark Liberty International Airport',40.692501,-74.168701,18,'NA','US','US-NJ','New York','yes','KEWR','EWR','EWR','http://www.panynj.gov/CommutingTravel/ai','https://en.wikipedia.org/wiki/Newark_Lib','Manhattan, New York City, NYC'),(3531,'KFLL','large_airport','Fort Lauderdale Hollywood International ',26.072599,-80.152702,9,'NA','US','US-FL','Fort Lauderdale','yes','KFLL','FLL','FLL','http://www.broward.org/airport','https://en.wikipedia.org/wiki/Fort_Laude','MFW, South Florida'),(3602,'KIAD','large_airport','Washington Dulles International Airport',38.9445,-77.455803,312,'NA','US','US-DC','Washington','yes','KIAD','IAD','IAD','http://www.mwaa.com/dulles/','https://en.wikipedia.org/wiki/Washington','WAS'),(3604,'KIAH','large_airport','George Bush Intercontinental Houston Air',29.984399795532227,-95.34140014648438,97,'NA','US','US-TX','Houston','yes','KIAH','IAH','IAH','http://www.fly2houston.com/iah','https://en.wikipedia.org/wiki/George_Bus','QHO'),(3610,'KIND','large_airport','Indianapolis International Airport',39.7173,-86.294403,797,'NA','US','US-IN','Indianapolis','yes','KIND','IND','IND','http://www.indianapolisairport.com/','https://en.wikipedia.org/wiki/Indianapol',''),(3620,'KJAX','large_airport','Jacksonville International Airport',30.49410057067871,-81.68789672851562,30,'NA','US','US-FL','Jacksonville','yes','KJAX','JAX','JAX','','https://en.wikipedia.org/wiki/Jacksonvil',''),(3622,'KJFK','large_airport','John F Kennedy International Airport',40.639801,-73.7789,13,'NA','US','US-NY','New York','yes','KJFK','JFK','JFK','https://www.jfkairport.com/','https://en.wikipedia.org/wiki/John_F._Ke','Manhattan, New York City, NYC, Idlewild,'),(3631,'KLAS','large_airport','McCarran International Airport',36.08010101,-115.1520004,2181,'NA','US','US-NV','Las Vegas','yes','KLAS','LAS','LAS','http://www.mccarran.com/','https://en.wikipedia.org/wiki/McCarran_I',''),(3632,'KLAX','large_airport','Los Angeles International Airport',33.942501,-118.407997,125,'NA','US','US-CA','Los Angeles','yes','KLAX','LAX','LAX','https://www.flylax.com/','https://en.wikipedia.org/wiki/Los_Angele',''),(3643,'KLGA','large_airport','La Guardia Airport',40.777199,-73.872597,21,'NA','US','US-NY','New York','yes','KLGA','LGA','LGA','https://www.laguardiaairport.com/','https://en.wikipedia.org/wiki/LaGuardia_','Manhattan, New York City, NYC, Glenn H. '),(3668,'KMCI','large_airport','Kansas City International Airport',39.2976,-94.713898,1026,'NA','US','US-MO','Kansas City','yes','KMCI','MCI','MCI','http://www.flykci.com/','https://en.wikipedia.org/wiki/Kansas_Cit',''),(3670,'KMCO','large_airport','Orlando International Airport',28.429399490356445,-81.30899810791016,96,'NA','US','US-FL','Orlando','yes','KMCO','MCO','MCO','http://www.orlandoairports.net/','https://en.wikipedia.org/wiki/Orlando_In','Disney World,Epcot Center'),(3673,'KMDW','large_airport','Chicago Midway International Airport',41.785999,-87.752403,620,'NA','US','US-IL','Chicago','yes','KMDW','MDW','MDW','https://www.flychicago.com/midway/home/p','https://en.wikipedia.org/wiki/Midway_Int','CHI'),(3675,'KMEM','large_airport','Memphis International Airport',35.04240036010742,-89.97669982910156,341,'NA','US','US-TN','Memphis','yes','KMEM','MEM','MEM','','https://en.wikipedia.org/wiki/Memphis_In',''),(3685,'KMIA','large_airport','Miami International Airport',25.79319953918457,-80.29060363769531,8,'NA','US','US-FL','Miami','yes','KMIA','MIA','MIA','http://www.miami-airport.com/','https://en.wikipedia.org/wiki/Miami_Inte','MFW, South Florida'),(3690,'KMKE','large_airport','General Mitchell International Airport',42.947200775146484,-87.89659881591797,723,'NA','US','US-WI','Milwaukee','yes','KMKE','MKE','MKE','','https://en.wikipedia.org/wiki/General_Mi',''),(3709,'KMSP','large_airport','Minneapolis–Saint Paul International Air',44.882,-93.221802,841,'NA','US','US-MN','Minneapolis','yes','KMSP','MSP','MSP','http://www.mspairport.com/','https://en.wikipedia.org/wiki/Minneapoli',''),(3711,'KMSY','large_airport','Louis Armstrong New Orleans Internationa',29.99340057373047,-90.25800323486328,4,'NA','US','US-LA','New Orleans','yes','KMSY','MSY','MSY','','https://en.wikipedia.org/wiki/Louis_Arms',''),(3744,'KOAK','large_airport','Metropolitan Oakland International Airpo',37.721298,-122.221001,9,'NA','US','US-CA','Oakland','yes','KOAK','OAK','OAK','http://www.oaklandairport.com/','https://en.wikipedia.org/wiki/Oakland_In','QSF, QBA'),(3752,'KONT','large_airport','Ontario International Airport',34.055999755859375,-117.60099792480469,944,'NA','US','US-CA','Ontario','yes','KONT','ONT','ONT','','https://en.wikipedia.org/wiki/LA/Ontario',''),(3754,'KORD','large_airport','Chicago O\'Hare International Airport',41.9786,-87.9048,672,'NA','US','US-IL','Chicago','yes','KORD','ORD','ORD','https://www.flychicago.com/ohare/home/pa','https://en.wikipedia.org/wiki/O\'Hare_Int','CHI, Orchard Place'),(3766,'KPBI','large_airport','Palm Beach International Airport',26.68320083618164,-80.09559631347656,19,'NA','US','US-FL','West Palm Beach','yes','KPBI','PBI','PBI','','https://en.wikipedia.org/wiki/Palm_Beach','MFW, South Florida'),(3768,'KPDX','large_airport','Portland International Airport',45.58869934,-122.5979996,31,'NA','US','US-OR','Portland','yes','KPDX','PDX','PDX','','https://en.wikipedia.org/wiki/Portland_I',''),(3771,'KPHL','large_airport','Philadelphia International Airport',39.87189865112305,-75.24109649658203,36,'NA','US','US-PA','Philadelphia','yes','KPHL','PHL','PHL','http://www.phl.org/','https://en.wikipedia.org/wiki/Philadelph',''),(3772,'KPHX','large_airport','Phoenix Sky Harbor International Airport',33.435302,-112.005905,1135,'NA','US','US-AZ','Phoenix','yes','KPHX','PHX','PHX','http://phoenix.gov/skyharborairport/','https://en.wikipedia.org/wiki/Phoenix_Sk',''),(3778,'KPIT','large_airport','Pittsburgh International Airport',40.49150085,-80.23290253,1203,'NA','US','US-PA','Pittsburgh','yes','KPIT','PIT','PIT','','https://en.wikipedia.org/wiki/Pittsburgh',''),(3795,'KPVD','large_airport','Theodore Francis Green State Airport',41.725038,-71.425668,55,'NA','US','US-RI','Providence','yes','KPVD','PVD','PVD','','https://en.wikipedia.org/wiki/T._F._Gree',''),(3796,'KPWM','large_airport','Portland International Jetport',43.646198,-70.309303,76,'NA','US','US-ME','Portland','yes','KPWM','PWM','PWM','','https://en.wikipedia.org/wiki/Portland_I',''),(3844,'KRDU','large_airport','Raleigh Durham International Airport',35.877601623535156,-78.7874984741211,435,'NA','US','US-NC','Raleigh/Durham','yes','KRDU','RDU','RDU','','https://en.wikipedia.org/wiki/Raleigh-Du',''),(3847,'KRIC','large_airport','Richmond International Airport',37.50519943237305,-77.3197021484375,167,'NA','US','US-VA','Richmond','yes','KRIC','RIC','RIC','','https://en.wikipedia.org/wiki/Richmond_I',''),(3853,'KRNO','large_airport','Reno Tahoe International Airport',39.49909973144531,-119.76799774169922,4415,'NA','US','US-NV','Reno','yes','KRNO','RNO','RNO','','https://en.wikipedia.org/wiki/Reno-Tahoe',''),(3858,'KRSW','large_airport','Southwest Florida International Airport',26.53619956970215,-81.75520324707031,30,'NA','US','US-FL','Fort Myers','yes','KRSW','RSW','RSW','http://www.flylcpa.com/','https://en.wikipedia.org/wiki/Southwest_',''),(3862,'KSAN','large_airport','San Diego International Airport',32.7336006165,-117.190002441,17,'NA','US','US-CA','San Diego','yes','KSAN','SAN','SAN','http://www.san.org/','https://en.wikipedia.org/wiki/San_Diego_','Lindbergh Field'),(3863,'KSAT','large_airport','San Antonio International Airport',29.533701,-98.469803,809,'NA','US','US-TX','San Antonio','yes','KSAT','SAT','SAT','https://www.sanantonio.gov/aviation','https://en.wikipedia.org/wiki/San_Antoni',''),(3864,'KSAV','large_airport','Savannah Hilton Head International Airpo',32.12760162,-81.20210266,50,'NA','US','US-GA','Savannah','yes','KSAV','SAV','SAV','','https://en.wikipedia.org/wiki/Savannah/H',''),(3873,'KSDF','large_airport','Louisville Muhammad Ali International Ai',38.1744,-85.736,501,'NA','US','US-KY','Louisville','yes','KSDF','SDF','SDF','http://www.flylouisville.com','https://en.wikipedia.org/wiki/Louisville','Louisville International, Standiford Fie'),(3875,'KSEA','large_airport','Seattle Tacoma International Airport',47.449001,-122.308998,433,'NA','US','US-WA','Seattle','yes','KSEA','SEA','SEA','http://www.portseattle.org/seatac/','https://en.wikipedia.org/wiki/Seattle–Ta',''),(3876,'KSFB','large_airport','Orlando Sanford International Airport',28.777599334716797,-81.23750305175781,55,'NA','US','US-FL','Orlando','yes','KSFB','SFB','SFB','','https://en.wikipedia.org/wiki/Orlando_Sa',''),(3878,'KSFO','large_airport','San Francisco International Airport',37.61899948120117,-122.375,13,'NA','US','US-CA','San Francisco','yes','KSFO','SFO','SFO','http://www.flysfo.com/','https://en.wikipedia.org/wiki/San_Franci','QSF, QBA'),(3883,'KSJC','large_airport','Norman Y. Mineta San Jose International ',37.362598,-121.929001,62,'NA','US','US-CA','San Jose','yes','KSJC','SJC','SJC','http://www.flysanjose.com/','https://en.wikipedia.org/wiki/San_Jose_I','QSF, QBA'),(3887,'KSLC','large_airport','Salt Lake City International Airport',40.785749,-111.979746,4227,'NA','US','US-UT','Salt Lake City','yes','KSLC','SLC','SLC','','https://en.wikipedia.org/wiki/Salt_Lake_',''),(3892,'KSMF','large_airport','Sacramento International Airport',38.69540023803711,-121.59100341796875,27,'NA','US','US-CA','Sacramento','yes','KSMF','SMF','SMF','','https://en.wikipedia.org/wiki/Sacramento',''),(3905,'KSTL','large_airport','St Louis Lambert International Airport',38.748697,-90.370003,618,'NA','US','US-MO','St Louis','yes','KSTL','STL','STL','https://www.flystl.com/','https://en.wikipedia.org/wiki/St._Louis_','Lambert St Louis'),(3913,'KSYR','large_airport','Syracuse Hancock International Airport',43.11119842529297,-76.1063003540039,421,'NA','US','US-NY','Syracuse','yes','KSYR','SYR','SYR','http://www.syrairport.org/','https://en.wikipedia.org/wiki/Syracuse_H',''),(3926,'KTPA','large_airport','Tampa International Airport',27.975500106811523,-82.533203125,26,'NA','US','US-FL','Tampa','yes','KTPA','TPA','TPA','','https://en.wikipedia.org/wiki/Tampa_Inte',''),(3930,'KTUL','large_airport','Tulsa International Airport',36.19839859008789,-95.88809967041016,677,'NA','US','US-OK','Tulsa','yes','KTUL','TUL','TUL','','https://en.wikipedia.org/wiki/Tulsa_Inte',''),(3972,'LATI','large_airport','Tirana International Airport Mother Tere',41.4146995544,19.7206001282,126,'EU','AL','AL-11','Tirana','yes','LATI','TIA','','http://www.tirana-airport.com/','https://en.wikipedia.org/wiki/Tirana_Int','Rinas International Airport, Aeroporti N'),(3974,'LBBG','large_airport','Burgas Airport',42.56959915161133,27.515199661254883,135,'EU','BG','BG-02','Burgas','yes','LBBG','BOJ','','','https://en.wikipedia.org/wiki/Burgas_Air',''),(3977,'LBSF','large_airport','Sofia Airport',42.696693420410156,23.411436080932617,1742,'EU','BG','BG-23','Sofia','yes','LBSF','SOF','','http://sofia-airport.bg','https://en.wikipedia.org/wiki/Sofia_Airp',''),(3979,'LBWN','large_airport','Varna Airport',43.232101,27.8251,230,'EU','BG','BG-03','Varna','yes','LBWN','VAR','','','https://en.wikipedia.org/wiki/Varna_Airp',''),(3980,'LCLK','large_airport','Larnaca International Airport',34.875099,33.624901,8,'AS','CY','CY-04','Larnaca','yes','LCLK','LCA','','http://www.cyprusairports.com.cy/showpag','https://en.wikipedia.org/wiki/Larnaca_In','??????? A????????? ????????'),(3993,'LDZA','large_airport','Zagreb Airport',45.7429008484,16.0687999725,353,'EU','HR','HR-21','Zagreb','yes','LDZA','ZAG','','','https://en.wikipedia.org/wiki/Zagreb_Air','Pleso'),(3997,'LEAL','large_airport','Alicante-Elche Miguel Hernández Airport',38.2822,-0.558156,142,'EU','ES','ES-V','Alicante','yes','LEAL','ALC','','https://www.aena.es/en/alicante-elche.ht','https://en.wikipedia.org/wiki/Alicante_A',''),(4004,'LEBL','large_airport','Josep Tarradellas Barcelona-El Prat Airp',41.2971,2.07846,12,'EU','ES','ES-CT','Barcelona','yes','LEBL','BCN','','https://www.aena.es/en/josep-tarradellas','https://en.wikipedia.org/wiki/Barcelona%','El Prat Airport,Barcelona International,'),(4013,'LEIB','large_airport','Ibiza Airport',38.872898,1.37312,24,'EU','ES','ES-PM','Ibiza','yes','LEIB','IBZ','','https://www.aena.es/en/ibiza.html','https://en.wikipedia.org/wiki/Ibiza_Airp',''),(4019,'LEMD','large_airport','Adolfo Suárez Madrid–Barajas Airport',40.471926,-3.56264,1998,'EU','ES','ES-M','Madrid','yes','LEMD','MAD','','https://www.aena.es/en/adolfo-suarez-mad','https://en.wikipedia.org/wiki/Adolfo_Su%','Leganés, Madrid Barajas International Ai'),(4020,'LEMG','large_airport','Málaga-Costa del Sol Airport',36.6749,-4.49911,53,'EU','ES','ES-AN','Málaga','yes','LEMG','AGP','','https://www.aena.es/en/malaga-costa-del-','https://en.wikipedia.org/wiki/M%C3%A1lag','Costa del Sol,Malaga'),(4035,'LEPA','large_airport','Palma de Mallorca Airport',39.551701,2.73881,27,'EU','ES','ES-PM','Palma De Mallorca','yes','LEPA','PMI','','https://www.aena.es/en/palma-de-mallorca','https://en.wikipedia.org/wiki/Son_Sant_J','Son Sant Joan Airport, LESJ'),(4038,'LEST','large_airport','Santiago-Rosalía de Castro Airport',42.896301,-8.41514,1213,'EU','ES','ES-GA','Santiago de Compostela','yes','LEST','SCQ','','https://www.aena.es/en/santiago-rosalia-','https://en.wikipedia.org/wiki/Santiago_d',''),(4060,'LFBD','large_airport','Bordeaux-Mérignac Airport',44.8283,-0.715556,162,'EU','FR','FR-NAQ','Bordeaux/Mérignac','yes','LFBD','BOD','','https://www.bordeaux.aeroport.fr/','https://en.wikipedia.org/wiki/Bordeaux%E',''),(4070,'LFBO','large_airport','Toulouse-Blagnac Airport',43.629101,1.36382,499,'EU','FR','FR-OCC','Toulouse/Blagnac','yes','LFBO','TLS','','http://www.toulouse.aeroport.fr/','https://en.wikipedia.org/wiki/Toulouse_B',''),(4137,'LFLL','large_airport','Lyon Saint-Exupéry Airport',45.725556,5.081111,821,'EU','FR','FR-ARA','Lyon','yes','LFLL','LYS','','https://www.lyonaeroports.com/','https://en.wikipedia.org/wiki/Saint-Exup',''),(4155,'LFML','large_airport','Marseille Provence Airport',43.439271922,5.22142410278,74,'EU','FR','FR-PAC','Marseille','yes','LFML','MRS','','','https://en.wikipedia.org/wiki/Marseille_',''),(4156,'LFMN','large_airport','Nice-Côte d\'Azur Airport',43.6584014893,7.215869903560001,12,'EU','FR','FR-PAC','Nice','yes','LFMN','NCE','','','https://en.wikipedia.org/wiki/C%C3%B4te_',''),(4185,'LFPG','large_airport','Charles de Gaulle International Airport',49.012798,2.55,392,'EU','FR','FR-IDF','Paris','yes','LFPG','CDG','','http://www.aeroportsdeparis.fr/','https://en.wikipedia.org/wiki/Charles_de','PAR, Aéroport Roissy-Charles de Gaulle, '),(4189,'LFPO','large_airport','Paris-Orly Airport',48.7233333,2.3794444,291,'EU','FR','FR-IDF','Paris','yes','LFPO','ORY','','','https://en.wikipedia.org/wiki/Orly_Airpo','PAR'),(4226,'LFSB','large_airport','EuroAirport Basel-Mulhouse-Freiburg Airp',47.59,7.529167,885,'EU','FR','FR-GES','Bâle/Mulhouse','yes','LFSB','BSL','','http://www.euroairport.com/','https://en.wikipedia.org/wiki/EuroAirpor','MLH, EAP, LSZM'),(4251,'LGAV','large_airport','Athens Eleftherios Venizelos Internation',37.936401,23.9445,308,'EU','GR','GR-A1','Athens','yes','LGAV','ATH','','http://www.aia.gr','https://en.wikipedia.org/wiki/Athens_Int',''),(4258,'LGIR','large_airport','Heraklion International Nikos Kazantzaki',35.3396987915,25.180299758900002,115,'EU','GR','GR-91','Heraklion','yes','LGIR','HER','','','https://en.wikipedia.org/wiki/Heraklion_','Crete Island'),(4293,'LGTS','large_airport','Thessaloniki Macedonia International Air',40.51969909667969,22.97089958190918,22,'EU','GR','GR-54','Thessaloniki','yes','LGTS','SKG','','','https://en.wikipedia.org/wiki/Thessaloni','Makedonia. Macedonia. Salonica'),(4296,'LHBP','large_airport','Budapest Liszt Ferenc International Airp',47.42976,19.261093,495,'EU','HU','HU-PE','Budapest','yes','LHBP','BUD','','http://www.bud.hu/english','https://en.wikipedia.org/wiki/Budapest_F','Ferihegyi nemzetközi repül?tér, Budapest'),(342308,'LHS','large_airport','Lake Havasu City International Airport',34.43826,-114.222531,400,'NA','US','US-AZ','Lake Havasu City','yes','LHSI','LHS','AZ99','','',''),(4318,'LICC','large_airport','Catania-Fontanarossa Airport',37.466801,15.0664,39,'EU','IT','IT-82','Catania','yes','LICC','CTA','CT03','http://www.aeroporto.catania.it/','https://en.wikipedia.org/wiki/Catania-Fo','Lanza Di Trabie, Catania-Fontanarossa Vi'),(4321,'LICJ','large_airport','Falcone–Borsellino Airport',38.175999,13.091,65,'EU','IT','IT-82','Palermo','yes','LICJ','PMO','PA03','http://www.gesap.it/index.php','https://en.wikipedia.org/wiki/Falcone%E2','Palermo Airport, Punta Raisi Airport'),(4332,'LIEE','large_airport','Cagliari Elmas Airport',39.251499,9.05428,13,'EU','IT','IT-88','Cagliari','yes','LIEE','CAG','CA07','http://www.cagliariairport.it/en/','https://en.wikipedia.org/wiki/Cagliari_E','Cagliari Airport,Elmas'),(4340,'LIMC','large_airport','Malpensa International Airport',45.6306,8.72811,768,'EU','IT','IT-25','Milan','yes','LIMC','MXP','MI12','http://www.sea-aeroportimilano.it/en/mal','https://en.wikipedia.org/wiki/Malpensa_A','MIL'),(4341,'LIME','large_airport','Milan Bergamo Airport',45.673901,9.70417,782,'EU','IT','IT-25','Milan','yes','LIME','BGY','BG01','http://www.sacbo.it/','https://en.wikipedia.org/wiki/Orio_al_Se','Bergamo Orio al Serio Airport, Il Carava'),(4342,'LIMF','large_airport','Turin Airport',45.200802,7.64963,989,'EU','IT','IT-21','Torino','yes','LIMF','TRN','TO11','http://www.aeroportoditorino.it/','https://en.wikipedia.org/wiki/Turin_Inte','Torino-Caselle Airport, Sandro Pertini A'),(4354,'LIPE','large_airport','Bologna Guglielmo Marconi Airport',44.5354,11.2887,123,'EU','IT','IT-45','Bologna','yes','LIPE','BLQ','BO08','http://www.bologna-airport.it/?LN=UK','https://en.wikipedia.org/wiki/Bologna_Ai','Guglielmo Marconi Airport, Borgo Panigal'),(4366,'LIPX','large_airport','Verona Villafranca Airport',45.395699,10.8885,239,'EU','IT','IT-34','Verona','yes','LIPX','VRN','VR10','http://www.aeroportoverona.it/','https://en.wikipedia.org/wiki/Verona_Air','Valerio Catullo, Villafranca Internation'),(4368,'LIPZ','large_airport','Venice Marco Polo Airport',45.505299,12.3519,7,'EU','IT','IT-34','Venice','yes','LIPZ','VCE','VE05','http://www.veniceairport.com/core/index.','https://en.wikipedia.org/wiki/Venice_Mar','Venezia Tessera'),(4372,'LIRF','large_airport','Rome–Fiumicino Leonardo da Vinci Interna',41.804532,12.251998,13,'EU','IT','IT-62','Rome','yes','LIRF','FCO','RM11','http://www.adr.it/portal/portal/adr/Fium','https://en.wikipedia.org/wiki/Leonardo_d','ROM, Rome Fiumicino Airport, Fiumicino A'),(4378,'LIRN','large_airport','Naples International Airport',40.886002,14.2908,294,'EU','IT','IT-72','Nápoli','yes','LIRN','NAP','NA01','http://www.portal.gesac.it/','https://en.wikipedia.org/wiki/Naples_Int','Capodichino Airport, Aeroporto di Napoli'),(4379,'LIRP','large_airport','Pisa International Airport',43.683899,10.3927,6,'EU','IT','IT-52','Pisa','yes','LIRP','PSA','PI05','http://www.pisa-airport.com/','https://en.wikipedia.org/wiki/Pisa_Inter','Galileo Galilei Airport, San Giusto Airp'),(4386,'LJLJ','large_airport','Ljubljana Jože Pu?nik Airport',46.223701,14.4576,1273,'EU','SI','SI-061','Ljubljana','yes','LJLJ','LJU','','http://www.lju-airport.si/','https://en.wikipedia.org/wiki/Ljubljana_','Ljubljana, Brnik, Kranj'),(4408,'LKPR','large_airport','Václav Havel Airport Prague',50.1008,14.26,1247,'EU','CZ','CZ-PR','Prague','yes','LKPR','PRG','','http://www.prg.aero','https://en.wikipedia.org/wiki/Ruzyn%C4%9','Letišt? Praha-Ruzyn?, Ruzyn? Internation'),(4411,'LLBG','large_airport','Ben Gurion International Airport',32.01139831542969,34.88669967651367,135,'AS','IL','IL-M','Tel Aviv','yes','LLBG','TLV','','http://www.iaa.gov.il/Rashat/en-US/Airpo','https://en.wikipedia.org/wiki/Ben_Gurion',''),(330388,'LLER','large_airport','Ramon International Airport',29.727009,35.014116,288,'AS','IL','IL-D','Eilat','yes','LLER','ETM','','','https://en.wikipedia.org/wiki/Ramon_Airp',''),(4427,'LMML','large_airport','Malta International Airport',35.857498,14.4775,300,'EU','MT','MT-25','Valletta','yes','LMML','MLA','','http://www.maltairport.com/en/home.htm','https://en.wikipedia.org/wiki/Malta_Inte','Luqa Airport,Valletta,Gudja,RAF Luqa'),(4434,'LOWW','large_airport','Vienna International Airport',48.110298,16.5697,600,'EU','AT','AT-9','Vienna','yes','LOWW','VIE','','http://www.viennaairport.com/en/','https://en.wikipedia.org/wiki/Vienna_Int',''),(4448,'LPFR','large_airport','Faro Airport',37.0144004822,-7.96590995789,24,'EU','PT','PT-08','Faro','yes','LPFR','FAO','','http://www.ana.pt/en-US/Aeroportos/algar','https://en.wikipedia.org/wiki/Faro_Airpo',''),(4456,'LPPD','large_airport','João Paulo II Airport',37.7411994934,-25.6979007721,259,'EU','PT','PT-20','Ponta Delgada','yes','LPPD','PDL','','http://www.ana.pt/en-US/Aeroportos/acore','https://en.wikipedia.org/wiki/Jo%C3%A3o_',''),(4459,'LPPR','large_airport','Francisco de Sá Carneiro Airport',41.2481002808,-8.68138980865,228,'EU','PT','PT-13','Porto','yes','LPPR','OPO','','http://www.ana.pt/en-US/Aeroportos/porto','https://en.wikipedia.org/wiki/Francisco_',''),(4461,'LPPT','large_airport','Humberto Delgado Airport (Lisbon Portela',38.7813,-9.13592,374,'EU','PT','PT-11','Lisbon','yes','LPPT','LIS','','http://www.ana.pt/en-US/Aeroportos/lisbo','https://en.wikipedia.org/wiki/Lisbon_Por','Lisboa'),(4482,'LROP','large_airport','Henri Coand? International Airport',44.5711111,26.085,314,'EU','RO','RO-B','Bucharest','yes','LROP','OTP','','http://www.bucharestairports.ro/en/','https://en.wikipedia.org/wiki/Henri_Coan','BUH, Otopeni Airport, RoAF 90th Airlift '),(4490,'LSGG','large_airport','Geneva Cointrin International Airport',46.23809814453125,6.108950138092041,1411,'EU','CH','CH-GE','Geneva','yes','LSGG','GVA','','http://www.gva.ch/','https://en.wikipedia.org/wiki/Geneva_Coi',''),(4505,'LSZH','large_airport','Zürich Airport',47.458056,8.548056,1417,'EU','CH','CH-ZH','Zurich','yes','LSZH','ZRH','','http://www.zurich-airport.com/','https://en.wikipedia.org/wiki/Zurich_Air',''),(4509,'LTAC','large_airport','Esenbo?a International Airport',40.128101348899996,32.995098114,3125,'AS','TR','TR-06','Ankara','yes','LTAC','ESB','','','https://en.wikipedia.org/wiki/Esenbo%C4%',''),(4515,'LTAI','large_airport','Antalya International Airport',36.898701,30.800501,177,'AS','TR','TR-07','Antalya','yes','LTAI','AYT','','http://www.antalya.dhmi.gov.tr/havaalanl','https://en.wikipedia.org/wiki/Antalya_Ai',''),(4528,'LTBA','large_airport','?stanbul Atatürk Airport',40.971913,28.823714,163,'AS','TR','TR-34','Bak?rköy, Istanbul','yes','LTBA','ISL','','http://www.ataturkairport.com/eng/','https://en.wikipedia.org/wiki/Istanbul_A','Ataturk, Ye?ilköy, Yesilkoy'),(4533,'LTBJ','large_airport','Adnan Menderes International Airport',38.2924,27.157,412,'AS','TR','TR-35','?zmir','yes','LTBJ','ADB','','http://www.adnanmenderesairport.com','https://en.wikipedia.org/wiki/Adnan_Mend',''),(4542,'LTBS','large_airport','Dalaman International Airport',36.7131004333,28.7924995422,20,'AS','TR','TR-48','Dalaman','yes','LTBS','DLM','','','https://en.wikipedia.org/wiki/Dalaman_Ai',''),(4567,'LTFE','large_airport','Milas Bodrum International Airport',37.25059890749999,27.6643009186,21,'AS','TR','TR-48','Bodrum','yes','LTFE','BJV','','','https://en.wikipedia.org/wiki/Milas-Bodr',''),(4569,'LTFJ','large_airport','Istanbul Sabiha Gökçen International Air',40.898602,29.3092,312,'AS','TR','TR-34','Pendik, Istanbul','yes','LTFJ','SAW','','http://www.sgairport.com/','https://en.wikipedia.org/wiki/Istanbul_S','Sabiha Gökçen Havaliman?'),(317457,'LTFM','large_airport','?stanbul Airport',41.261297,28.741951,325,'AS','TR','TR-34','Arnavutköy, Istanbul','yes','LTFM','IST','','http://www.igairport.com/en','https://en.wikipedia.org/wiki/Istanbul_A',''),(4573,'LWSK','large_airport','Skopje International Airport',41.961601,21.621401,781,'EU','MK','MK-004','Skopje','yes','LWSK','SKP','','http://skp.airports.com.mk/','https://en.wikipedia.org/wiki/Skopje_Air',''),(4610,'LYBE','large_airport','Belgrade Nikola Tesla Airport',44.8184013367,20.3090991974,335,'EU','RS','RS-00','Belgrade','yes','LYBE','BEG','','http://www.beg.aero/','https://en.wikipedia.org/wiki/Belgrade_N','Beograd, Sur?in Airport'),(4613,'LYPG','large_airport','Podgorica Airport / Podgorica Golubovci ',42.359402,19.2519,141,'EU','ME','ME-16','Podgorica','yes','LYPG','TGD','','http://www.montenegroairports.com/?menu=','https://en.wikipedia.org/wiki/Podgorica_','Podgorica Airbase, Golubovci Airbase, ??'),(4617,'LZIB','large_airport','M. R. Štefánik Airport',48.17020034790039,17.21269989013672,436,'EU','SK','SK-BL','Bratislava','yes','LZIB','BTS','','','https://en.wikipedia.org/wiki/M._R._%C5%',''),(4628,'MBPV','large_airport','Providenciales International Airport',21.773697,-72.268321,15,'NA','TC','TC-PR','Providenciales','yes','MBPV','PLS','','','https://en.wikipedia.org/wiki/Providenci',''),(4636,'MDPC','large_airport','Punta Cana International Airport',18.567399978599997,-68.36340332030001,47,'NA','DO','DO-11','Punta Cana','yes','MDPC','PUJ','','','https://en.wikipedia.org/wiki/Punta_Cana',''),(4638,'MDSD','large_airport','Las Américas International Airport',18.42970085144,-69.668899536133,59,'NA','DO','DO-01','Santo Domingo','yes','MDSD','SDQ','','http://www.aerodom.com/app/do/lasamerica','https://en.wikipedia.org/wiki/Las_Am%C3%','Aeropuerto Internacional de Las Américas'),(4644,'MGGT','large_airport','La Aurora Airport',14.5833,-90.527496,4952,'NA','GT','GT-GU','Guatemala City','yes','MGGT','GUA','','','https://en.wikipedia.org/wiki/La_Aurora_',''),(4680,'MKJP','large_airport','Norman Manley International Airport',17.935699462890625,-76.7874984741211,10,'NA','JM','JM-01','Kingston','yes','MKJP','KIN','','','https://en.wikipedia.org/wiki/Norman_Man',''),(4688,'MMAA','large_airport','General Juan N Alvarez International Air',16.757099,-99.753998,16,'NA','MX','MX-GRO','Acapulco','yes','MMAA','ACA','','','https://en.wikipedia.org/wiki/General_Ju',''),(4710,'MMGL','large_airport','Don Miguel Hidalgo Y Costilla Internatio',20.521799087524414,-103.31099700927734,5016,'NA','MX','MX-JAL','Guadalajara','yes','MMGL','GDL','','','https://en.wikipedia.org/wiki/Don_Miguel',''),(4713,'MMHO','large_airport','General Ignacio P. Garcia International ',29.095899581900003,-111.047996521,627,'NA','MX','MX-SON','Hermosillo','yes','MMHO','HMO','','','https://en.wikipedia.org/wiki/General_Ig',''),(4731,'MMMX','large_airport','Licenciado Benito Juarez International A',19.4363,-99.072098,7316,'NA','MX','MX-DIF','Mexico City','yes','MMMX','MEX','ME1','https://www.aicm.com.mx','https://en.wikipedia.org/wiki/Mexico_Cit','AICM'),(4733,'MMMZ','large_airport','General Rafael Buelna International Airp',23.1614,-106.265999,38,'NA','MX','MX-SIN','Mazatlán','yes','MMMZ','MZT','','','https://en.wikipedia.org/wiki/General_Ra',''),(4745,'MMPR','large_airport','Licenciado Gustavo Díaz Ordaz Internatio',20.680099487304688,-105.25399780273438,23,'NA','MX','MX-JAL','Puerto Vallarta','yes','MMPR','PVR','','http://vallarta.aeropuertosgap.com.mx/in','https://en.wikipedia.org/wiki/Lic._Gusta',''),(4750,'MMSD','large_airport','Los Cabos International Airport',23.1518,-109.721001,374,'NA','MX','MX-BCS','San José del Cabo','yes','MMSD','SJD','','http://loscabos.aeropuertosgap.com.mx/in','https://en.wikipedia.org/wiki/Los_Cabos_',''),(31923,'MMSM','large_airport','Santa Lucía Air Force Base / General Fel',19.7458,-99.0145,7369,'NA','MX','MX-MEX','Mexico City (Santa Lucía)','no','MMSM','NLU','','https://www.gob.mx/nuevoaeropuertofelipe','https://en.wikipedia.org/wiki/Mexico_Cit','Santa Lucia AFB, Mexico City Santa Lucía'),(4757,'MMTJ','large_airport','General Abelardo L. Rodríguez Internatio',32.541099548339844,-116.97000122070312,489,'NA','MX','MX-BCN','Tijuana','yes','MMTJ','TIJ','','http://aeropuertosgap.com.mx/english/air','https://en.wikipedia.org/wiki/General_Ab',''),(4762,'MMUN','large_airport','Cancún International Airport',21.036500930800003,-86.8770980835,22,'NA','MX','MX-ROO','Cancún','yes','MMUN','CUN','','http://www.asur.com.mx/asur/ingles/aerop','https://en.wikipedia.org/wiki/Canc%C3%BA',''),(4793,'MPTO','large_airport','Tocumen International Airport',9.0713596344,-79.3834991455,135,'NA','PA','PA-8','Tocumen','yes','MPTO','PTY','','','https://en.wikipedia.org/wiki/Tocumen_In','La Joya No 1'),(4806,'MRLB','large_airport','Guanacaste Airport',10.5933,-85.544403,270,'NA','CR','CR-G','Liberia','yes','MRLB','LIR','','','https://en.wikipedia.org/wiki/Daniel_Odu','Daniel Oduber Quiros International, Libe'),(4820,'MSLP','large_airport','Monseñor Óscar Arnulfo Romero Internatio',13.4409,-89.055702,101,'NA','SV','SV-PA','San Salvador (San Luis Talpa)','yes','MSLP','SAL','','','https://en.wikipedia.org/wiki/Monse%C3%B',''),(4825,'MTPP','large_airport','Toussaint Louverture International Airpo',18.58,-72.292503,122,'NA','HT','HT-OU','Port-au-Prince','yes','MTPP','PAP','','','https://en.wikipedia.org/wiki/Toussaint_',''),(4839,'MUHA','large_airport','José Martí International Airport',22.989200592041016,-82.40910339355469,210,'NA','CU','CU-03','Havana','yes','MUHA','HAV','','','https://en.wikipedia.org/wiki/Jos%C3%A9_','Habana'),(4859,'MUVR','large_airport','Juan Gualberto Gomez International Airpo',23.034400939941406,-81.435302734375,210,'NA','CU','CU-04','Varadero','yes','MUVR','VRA','','','https://en.wikipedia.org/wiki/Juan_Gualb',''),(4862,'MWCR','large_airport','Owen Roberts International Airport',19.292800903299998,-81.3576965332,8,'NA','KY','KY-U-A','Georgetown','yes','MWCR','GCM','','','https://en.wikipedia.org/wiki/Owen_Rober','Grand Cayman, George Town'),(4951,'MYNN','large_airport','Lynden Pindling International Airport',25.039,-77.466202,16,'NA','BS','BS-NP','Nassau','yes','MYNN','NAS','','http://www.nas.bs/','https://en.wikipedia.org/wiki/Lynden_Pin','Nassau International Airport'),(4956,'MZBZ','large_airport','Philip S. W. Goldson International Airpo',17.539100646972656,-88.30819702148438,15,'NA','BZ','BZ-BZ','Belize City','yes','MZBZ','BZE','','http://www.pgiabelize.com/','https://en.wikipedia.org/wiki/Philip_S._','Belize International, Ladyville'),(4958,'NCRG','large_airport','Rarotonga International Airport',-21.2026996613,-159.805999756,19,'OC','CK','CK-U-A','Avarua','yes','NCRG','RAR','','','https://en.wikipedia.org/wiki/Rarotonga_',''),(4979,'NTAA','large_airport','Faa\'a International Airport',-17.553699,-149.606995,5,'OC','PF','PF-U-A','Papeete','yes','NTAA','PPT','','','https://en.wikipedia.org/wiki/Faa\'a_Inte',''),(5011,'NVVV','large_airport','Bauerfield International Airport',-17.699301,168.320007,70,'OC','VU','VU-SEE','Port Vila','yes','NVVV','VLI','','','https://en.wikipedia.org/wiki/Bauerfield','Efate Field, Vila Field, McDonald Field,'),(5017,'NWWM','large_airport','Nouméa Magenta Airport',-22.258301,166.473007,10,'OC','NC','NC-U-A','Nouméa','yes','NWWM','GEA','','','https://en.wikipedia.org/wiki/Noum%C3%A9','l\'Aéroport de Nouméa Magenta'),(5023,'NZAA','large_airport','Auckland International Airport',-37.008099,174.792007,23,'OC','NZ','NZ-AUK','Auckland','yes','NZAA','AKL','','http://www.auckland-airport.co.nz/','https://en.wikipedia.org/wiki/Auckland_I',''),(5026,'NZCH','large_airport','Christchurch International Airport',-43.48939895629883,172.53199768066406,123,'OC','NZ','NZ-CAN','Christchurch','yes','NZCH','CHC','','http://www.christchurchairport.co.nz/','https://en.wikipedia.org/wiki/Christchur',''),(5035,'NZIR','medium_airport','McMurdo Station Ice Runway',-77.854391,166.464387,1,'AN','AQ','AQ-U-A','McMurdo Station','no','NZIR','','','','https://en.wikipedia.org/wiki/Ice_Runway',''),(5048,'NZPG','medium_airport','McMurdo Station Pegasus Field',-77.9634017944336,166.52499389648438,18,'AN','AQ','AQ-U-A','McMurdo Station','no','NZPG','','','','https://en.wikipedia.org/wiki/Pegasus_bl',''),(5054,'NZSP','medium_airport','South Pole Station Airport',-90,0,9300,'AN','AQ','AQ-U-A','Amundsen-Scott South Pole Station','no','NZSP','','','','https://en.wikipedia.org/wiki/Amundsen-S',''),(5059,'NZWD','medium_airport','Williams Field',-77.86740112304688,167.0570068359375,68,'AN','AQ','AQ-U-A','McMurdo Station','no','NZWD','','','','https://en.wikipedia.org/wiki/Williams_F','Willies Field'),(5063,'NZWN','large_airport','Wellington International Airport',-41.3272018433,174.804992676,41,'OC','NZ','NZ-WGN','Wellington','yes','NZWN','WLG','','http://www.wellingtonairport.co.nz/','https://en.wikipedia.org/wiki/Wellington',''),(5079,'OBBI','large_airport','Bahrain International Airport',26.267295,50.63764,6,'AS','BH','BH-15','Manama','yes','OBBI','BAH','','http://www.bahrainairport.com/','https://en.wikipedia.org/wiki/Bahrain_In','???? ??????? ??????'),(5087,'OEDF','large_airport','King Fahd International Airport',26.471200942993164,49.79790115356445,72,'AS','SA','SA-04','Ad Dammam','yes','OEDF','DMM','','','https://en.wikipedia.org/wiki/King_Fahd_',''),(5089,'OEDR','large_airport','King Abdulaziz Air Base',26.2654,50.152,84,'AS','SA','SA-04','Dhahran','no','OEDR','DHA','','','https://en.wikipedia.org/wiki/King_Abdul','Dhahran international Airport, Dhahran A'),(5097,'OEJN','large_airport','King Abdulaziz International Airport',21.6796,39.156502,48,'AS','SA','SA-02','Jeddah','yes','OEJN','JED','','http://www.jed-airport.com/','https://en.wikipedia.org/wiki/King_Abdul','Mecca, Hajj'),(5101,'OEMA','large_airport','Prince Mohammad Bin Abdulaziz Airport',24.5534,39.705101,2151,'AS','SA','SA-03','Medina','yes','OEMA','MED','','http://www.tibahairports.com/en-EN/Pages','https://en.wikipedia.org/wiki/Prince_Moh','Medinah'),(5112,'OERK','large_airport','King Khaled International Airport',24.957599639892578,46.69879913330078,2049,'AS','SA','SA-01','Riyadh','yes','OERK','RUH','','','https://en.wikipedia.org/wiki/King_Khali','Riyad'),(5166,'OIIE','large_airport','Imam Khomeini International Airport',35.416099548339844,51.152198791503906,3305,'AS','IR','IR-23','Tehran','yes','OIIE','IKA','','http://www.ikia.ir/','https://en.wikipedia.org/wiki/Imam_Khome','Ahmadabad'),(5168,'OIII','large_airport','Mehrabad International Airport',35.68920135498047,51.31340026855469,3962,'AS','IR','IR-23','Tehran','yes','OIII','THR','','','https://en.wikipedia.org/wiki/Mehrabad_I',''),(5183,'OIMM','large_airport','Mashhad International Airport',36.235198974609375,59.64099884033203,3263,'AS','IR','IR-09','Mashhad','yes','OIMM','MHD','','','https://en.wikipedia.org/wiki/Mashhad_In','Shahid Hashemi Nejad Airport'),(5197,'OISS','large_airport','Shiraz Shahid Dastghaib International Ai',29.5392,52.589802,4927,'AS','IR','IR-07','Shiraz','yes','OISS','SYZ','','http://shirazairport.ir/','https://en.wikipedia.org/wiki/Shiraz_Int',''),(5212,'OJAI','large_airport','Queen Alia International Airport',31.7226009369,35.9931983948,2395,'AS','JO','JO-AM','Amman','yes','OJAI','AMM','','','https://en.wikipedia.org/wiki/Queen_Alia',''),(5220,'OKBK','large_airport','Kuwait International Airport',29.226600646972656,47.96889877319336,206,'AS','KW','KW-FA','Kuwait City','yes','OKBK','KWI','','http://www.kuwait-airport.com.kw/Index_e','https://en.wikipedia.org/wiki/Kuwait_Int','Al Mubarak Air Base'),(5222,'OLBA','large_airport','Beirut Rafic Hariri International Airpor',33.820899963378906,35.488399505615234,87,'AS','LB','LB-JL','Beirut','yes','OLBA','BEY','','http://www.beirutairport.gov.lb/','https://en.wikipedia.org/wiki/Beirut_Raf','Chaldea, Beirut Air Base, ???? ????? ???'),(299738,'OM-0003','large_airport','Duqm International Airport',19.501944,57.634167,364,'AS','OM','OM-WU','Duqm','yes','OODQ','DQM','','http://www.omanairports.com/','https://en.wikipedia.org/wiki/Duqm_Jaalu',''),(5226,'OMAA','large_airport','Abu Dhabi International Airport',24.443764,54.651718,88,'AS','AE','AE-AZ','Abu Dhabi','yes','OMAA','AUH','','http://www.abudhabiairport.ae/','https://en.wikipedia.org/wiki/Abu_Dhabi_',''),(5235,'OMDB','large_airport','Dubai International Airport',25.2527999878,55.3643989563,62,'AS','AE','AE-DU','Dubai','yes','OMDB','DXB','','http://www.dubaiairport.com/dia/english/','https://en.wikipedia.org/wiki/Dubai_Inte','???? ??? ???????'),(300320,'OMDW','large_airport','Al Maktoum International Airport',24.896356,55.161389,114,'AS','AE','AE-DU','Jebel Ali','yes','OMDW','DWC','','https://www.dubaiairports.ae/','https://en.wikipedia.org/wiki/Al_Maktoum',''),(5239,'OMSJ','large_airport','Sharjah International Airport',25.32859992980957,55.5172004699707,111,'AS','AE','AE-SH','Sharjah','yes','OMSJ','SHJ','','','https://en.wikipedia.org/wiki/Sharjah_In',''),(5242,'OOMS','large_airport','Muscat International Airport',23.593299865722656,58.284400939941406,48,'AS','OM','OM-MA','Muscat','yes','OOMS','MCT','','','https://en.wikipedia.org/wiki/Seeb_Inter','Seeb International Airport, Masqat'),(333692,'OPIS','large_airport','Islamabad International Airport',33.549,72.82566,1761,'AS','PK','PK-PB','Islamabad','yes','OPIS','ISB','','http://www.islamabadairport.com.pk/','https://en.wikipedia.org/wiki/Islamabad_',''),(5255,'OPKC','large_airport','Jinnah International Airport',24.9065,67.160797,100,'AS','PK','PK-SD','Karachi','yes','OPKC','KHI','','','https://en.wikipedia.org/wiki/Jinnah_Int','OPQR, OPHQ, Drigh Road Airstrip, Quaid-E'),(5289,'ORBI','large_airport','Baghdad International Airport / New Al M',33.262501,44.2346,114,'AS','IQ','IQ-BG','Baghdad','yes','ORBI','BGW','','','https://en.wikipedia.org/wiki/Baghdad_In','SDA, BIAP, VBC, ORBS, Camp Sather, Sadda'),(5303,'OSDI','large_airport','Damascus International Airport',33.4114990234375,36.51559829711914,2020,'AS','SY','SY-DI','Damascus','yes','OSDI','DAM','','','https://en.wikipedia.org/wiki/Damascus_I','???? ???? ??????'),(44686,'OTHH','large_airport','Hamad International Airport',25.273056,51.608056,13,'AS','QA','QA-DA','Doha','yes','OTHH','DOH','','http://dohahamadairport.com/','https://en.wikipedia.org/wiki/Hamad_Inte','New Doha International Airport'),(5360,'PAFA','large_airport','Fairbanks International Airport',64.81510162,-147.8560028,439,'NA','US','US-AK','Fairbanks','yes','PAFA','FAI','FAI','','https://en.wikipedia.org/wiki/Fairbanks_',''),(5388,'PANC','large_airport','Ted Stevens Anchorage International Airp',61.1744,-149.996002,152,'NA','US','US-AK','Anchorage','yes','PANC','ANC','ANC','','https://en.wikipedia.org/wiki/Ted_Steven',''),(5433,'PGUM','large_airport','Antonio B. Won Pat International Airport',13.4834,144.796005,298,'OC','GU','GU-U-A','Hagåtña, Guam International Airport','yes','PGUM','GUM','GUM','http://www.guamairport.com/','https://en.wikipedia.org/wiki/Antonio_B.','Agana'),(5453,'PHNL','large_airport','Daniel K Inouye International Airport',21.32062,-157.924228,13,'NA','US','US-HI','Honolulu','yes','PHNL','HNL','HNL','http://airports.hawaii.gov/hnl/','https://en.wikipedia.org/wiki/Daniel_K._','Hickam Air Force Base, HIK, PHIK, KHNL, '),(5516,'RCKH','large_airport','Kaohsiung International Airport',22.577101,120.349998,31,'AS','TW','TW-KHH','Kaohsiung (Xiaogang)','yes','RCKH','KHH','','http://www.kia.gov.tw/english/e_index.as','https://en.wikipedia.org/wiki/Kaohsiung_','Siaogang International Airport, ???????,'),(5528,'RCTP','large_airport','Taiwan Taoyuan International Airport',25.0777,121.233002,106,'AS','TW','TW-TAO','Taipei','yes','RCTP','TPE','','http://www.taoyuan-airport.com/','https://zh.wikipedia.org/wiki/%E8%87%BA%','Taiwan Taoyuan International Airport, ??'),(5531,'RJAA','large_airport','Narita International Airport',35.764702,140.386002,141,'AS','JP','JP-12','Tokyo','yes','RJAA','NRT','','','https://en.wikipedia.org/wiki/Narita_Int','TYO, Tokyo Narita Airport, New Tokyo Int'),(5536,'RJBB','large_airport','Kansai International Airport',34.427299,135.244003,26,'AS','JP','JP-27','Osaka','yes','RJBB','KIX','','http://www.kansai-airport.or.jp/en/index','https://en.wikipedia.org/wiki/Kansai_Int','OSA'),(5544,'RJCC','large_airport','New Chitose Airport',42.7752,141.692001,82,'AS','JP','JP-01','Sapporo','yes','RJCC','CTS','','http://www.new-chitose-airport.jp/langua','https://en.wikipedia.org/wiki/New_Chitos',''),(5564,'RJFF','large_airport','Fukuoka Airport',33.585899353027344,130.4510040283203,32,'AS','JP','JP-40','Fukuoka','yes','RJFF','FUK','','http://www.fuk-ab.co.jp/english/frame_in','https://en.wikipedia.org/wiki/Fukuoka_Ai','Itazuke Air Base'),(5566,'RJFK','large_airport','Kagoshima Airport',31.80340003967285,130.718994140625,906,'AS','JP','JP-46','Kagoshima','yes','RJFK','KOJ','','','https://en.wikipedia.org/wiki/Kagoshima_',''),(5576,'RJGG','large_airport','Chubu Centrair International Airport',34.8583984375,136.80499267578125,15,'AS','JP','JP-23','Tokoname','yes','RJGG','NGO','','','https://en.wikipedia.org/wiki/Ch%C5%ABbu',''),(5598,'RJOO','large_airport','Osaka International Airport',34.785499572753906,135.43800354003906,50,'AS','JP','JP-27','Osaka','yes','RJOO','ITM','','','https://en.wikipedia.org/wiki/Osaka_Inte','OSA, Itami'),(5615,'RJSS','large_airport','Sendai Airport',38.139702,140.917007,15,'AS','JP','JP-04','Natori','yes','RJSS','SDJ','','','https://en.wikipedia.org/wiki/Sendai_Air',''),(5627,'RJTT','large_airport','Tokyo Haneda International Airport',35.552299,139.779999,35,'AS','JP','JP-13','Tokyo','yes','RJTT','HND','','http://www.haneda-airport.jp/','https://en.wikipedia.org/wiki/Tokyo_Inte','TYO, Haneda'),(5629,'RJTY','large_airport','Yokota Air Base',35.74850082397461,139.34800720214844,463,'AS','JP','JP-13','Fussa','no','RJTY','OKO','','','https://en.wikipedia.org/wiki/Yokota_Air',''),(302303,'RKJB','large_airport','Muan International Airport',34.991406,126.382814,35,'AS','KR','KR-46','Piseo-ri (Muan)','yes','RKJB','MWX','','http://muan.airport.co.kr/doc/muan_eng/','https://en.wikipedia.org/wiki/Muan_Inter','Gwangju, Mokpo, Muan, MWX, RKJB'),(5639,'RKPC','large_airport','Jeju International Airport',33.51129913330078,126.49299621582031,118,'AS','KR','KR-49','Jeju City','yes','RKPC','CJU','','','https://en.wikipedia.org/wiki/Jeju_Inter',''),(5642,'RKPK','large_airport','Gimhae International Airport',35.1795005798,128.93800354,6,'AS','KR','KR-26','Busan','yes','RKPK','PUS','','http://gimhae.airport.co.kr/eng/index.js','https://en.wikipedia.org/wiki/Gimhae_Int','Kimhae, Pusan'),(5653,'RKSI','large_airport','Incheon International Airport',37.46910095214844,126.45099639892578,23,'AS','KR','KR-28','Seoul','yes','RKSI','ICN','','','https://en.wikipedia.org/wiki/Incheon_In',''),(5656,'RKSS','large_airport','Gimpo International Airport',37.5583,126.791,59,'AS','KR','KR-11','Seoul','yes','RKSS','GMP','','http://gimpo.airport.co.kr/eng/index.jsp','https://en.wikipedia.org/wiki/Gimpo_Inte',''),(5671,'ROAH','large_airport','Naha Airport / JASDF Naha Air Base',26.195801,127.646004,12,'AS','JP','JP-47','Naha','yes','ROAH','OKA','','http://www.naha-airport.co.jp/','https://en.wikipedia.org/wiki/Naha_Airpo','????, Naha K?k??, AHA, Naha AFB'),(5673,'RODN','large_airport','Kadena Air Base',26.351667,127.769444,143,'AS','JP','JP-47','','no','RODN','DNA','','','https://en.wikipedia.org/wiki/Kadena_Air',''),(5689,'RPLL','large_airport','Ninoy Aquino International Airport',14.5086,121.019997,75,'AS','PH','PH-00','Manila','yes','RPLL','MNL','','','https://en.wikipedia.org/wiki/Ninoy_Aqui','Manila International Airport'),(5697,'RPMD','large_airport','Francisco Bangoy International Airport',7.12552,125.646004,96,'AS','PH','PH-DAS','Davao','yes','RPMD','DVO','','','https://en.wikipedia.org/wiki/Francisco_','Davao International Airport'),(5742,'RPVM','large_airport','Mactan Cebu International Airport',10.307499885559,123.97899627686,31,'AS','PH','PH-CEB','Lapu-Lapu City','yes','RPVM','CEB','','http://www.mactan-cebuairport.com.ph/','https://en.wikipedia.org/wiki/Mactan-Ceb',''),(41136,'RU-0016','large_airport','Lipetsk Air Base',52.6349983215332,39.44499969482422,636,'EU','RU','RU-LIP','Lipetsk','no','','','','','https://en.wikipedia.org/wiki/Lipetsk_Ai',''),(42924,'RU-0035','large_airport','Grozny North Airport',43.388302,45.698601,548,'EU','RU','RU-CE','Grozny','yes','URMG','GRV','','','https://en.wikipedia.org/wiki/Grozny_Air','Grozny Severny, Grozny, ???????? ???????'),(35046,'RU-4464','large_airport','Olenya Air Base',68.151802062988,33.463901519775,702,'EU','RU','RU-MUR','Olenegorsk','no','','','XLMO','','https://en.wikipedia.org/wiki/Olenya_(ai','????, ??????, Olenegorsk'),(5771,'SABE','large_airport','Jorge Newbery Airpark',-34.5592,-58.4156,18,'SA','AR','AR-C','Buenos Aires','yes','SABE','AEP','AER','','https://en.wikipedia.org/wiki/Aeroparque',''),(5781,'SAEZ','large_airport','Ministro Pistarini International Airport',-34.8222,-58.5358,67,'SA','AR','AR-B','Buenos Aires (Ezeiza)','yes','SAEZ','EZE','EZE','http://www.aa2000.com.ar/index.php','https://en.wikipedia.org/wiki/Ministro_P','BUE, Ezeiza'),(5867,'SBBE','large_airport','Val de Cans/Júlio Cezar Ribeiro Internat',-1.379279,-48.476207,54,'SA','BR','BR-PA','Belém','yes','SBBE','BEL','PA0001','http://www.infraero.gov.br/index.php/br/','https://en.wikipedia.org/wiki/Val_de_Can',''),(5872,'SBBR','large_airport','Presidente Juscelino Kubitschek Internat',-15.869167,-47.920834,3497,'SA','BR','BR-DF','Brasília','yes','SBBR','BSB','DF0001','http://www.infraero.gov.br/usa/aero_prev','https://en.wikipedia.org/wiki/Bras%C3%AD',''),(5882,'SBCF','large_airport','Tancredo Neves International Airport',-19.63571,-43.966928,2721,'SA','BR','BR-MG','Belo Horizonte','yes','SBCF','CNF','MG0001','http://www.infraero.gov.br/usa/aero_prev','https://en.wikipedia.org/wiki/Tancredo_N','http://www.infraero.gov.br/usa/aero_prev'),(5897,'SBEG','large_airport','Eduardo Gomes International Airport',-3.03861,-60.049702,264,'SA','BR','BR-AM','Manaus','yes','SBEG','MAO','AM0001','https://www4.infraero.gov.br/aeroportos/','https://en.wikipedia.org/wiki/Eduardo_Go',''),(5901,'SBFL','large_airport','Hercílio Luz International Airport',-27.670279,-48.552502,16,'SA','BR','BR-SC','Florianópolis','yes','SBFL','FLN','SC0001','http://www.infraero.gov.br/usa/aero_prev','https://en.wikipedia.org/wiki/Herc%C3%AD','http://www.infraero.gov.br/usa/aero_prev'),(5906,'SBGL','large_airport','Rio Galeão – Tom Jobim International Air',-22.809999,-43.250557,28,'SA','BR','BR-RJ','Rio De Janeiro','yes','SBGL','GIG','RJ0001','','https://en.wikipedia.org/wiki/Rio_de_Jan','Galeão - Antônio Carlos Jobim Internatio'),(5910,'SBGR','large_airport','Guarulhos - Governador André Franco Mont',-23.431944,-46.467778,2461,'SA','BR','BR-SP','São Paulo','yes','SBGR','GRU','SP0002','http://www.aeroportoguarulhos.net/','https://en.wikipedia.org/wiki/S%C3%A3o_P','Cumbica'),(5977,'SBSV','large_airport','Deputado Luiz Eduardo Magalhães Internat',-12.9086112976,-38.3224983215,64,'SA','BR','BR-BA','Salvador','yes','SBSV','SSA','','','https://en.wikipedia.org/wiki/Deputado_L',''),(6015,'SCEL','large_airport','Comodoro Arturo Merino Benítez Internati',-33.393001556396484,-70.78579711914062,1555,'SA','CL','CL-RM','Santiago','yes','SCEL','SCL','','http://www.aeropuertosantiago.cl/ingles/','https://en.wikipedia.org/wiki/Comodoro_A',''),(6056,'SEGU','large_airport','José Joaquín de Olmedo International Air',-2.15742,-79.883598,19,'SA','EC','EC-G','Guayaquil','yes','SEGU','GYE','','','https://en.wikipedia.org/wiki/Jos%C3%A9_','Simon Bolivar International Airport'),(308273,'SEQM','large_airport','Mariscal Sucre International Airport',-0.129166666667,-78.3575,7841,'SA','EC','EC-P','Quito','yes','SEQM','UIO','UIO','','https://en.wikipedia.org/wiki/Mariscal_S','Nuevo Aeropuerto Internacional Mariscal '),(6104,'SKBO','large_airport','El Dorado International Airport',4.70159,-74.1469,8361,'SA','CO','CO-CUN','Bogota','yes','SKBO','BOG','BOG','','https://en.wikipedia.org/wiki/El_Dorado_',''),(6193,'SLVR','large_airport','Viru Viru International Airport',-17.6448,-63.135399,1224,'SA','BO','BO-S','Santa Cruz','yes','SLVR','VVI','','','https://en.wikipedia.org/wiki/Viru_Viru_',''),(6195,'SMJP','large_airport','Johan Adolf Pengel International Airport',5.45283,-55.187801,59,'SA','SR','SR-PR','Zandery','yes','SMJP','PBM','','http://www.japi-airport.com','https://en.wikipedia.org/wiki/Johan_Adol','Zanderij, JAP International Airport, JAP'),(6198,'SOCA','large_airport','Cayenne – Félix Eboué Airport',4.819964,-52.361326,26,'SA','GF','GF-CY','Matoury','yes','SOCA','CAY','','','https://en.wikipedia.org/wiki/Cayenne_%E','Cayenne-Rochambeau, Matoury'),(6217,'SPIM','large_airport','Jorge Chávez International Airport',-12.0219,-77.114305,113,'SA','PE','PE-LIM','Lima','yes','SPJC','LIM','','http://www.lap.com.pe/','https://en.wikipedia.org/wiki/Jorge_Ch%C','SPIM, SPJC'),(6243,'SPZO','large_airport','Alejandro Velasco Astete International A',-13.535699844400002,-71.9387969971,10860,'SA','PE','PE-CUS','Cusco','yes','SPZO','CUZ','','http://www.corpac.gob.pe/','https://en.wikipedia.org/wiki/Alejandro_',''),(6247,'SUMU','large_airport','Carrasco International /General C L Beri',-34.838402,-56.0308,105,'SA','UY','UY-CA','Montevideo','yes','SUMU','MVD','','','https://en.wikipedia.org/wiki/Carrasco_I',''),(6255,'SVBC','large_airport','General José Antonio Anzoategui Internat',10.111111,-64.692222,30,'SA','VE','VE-B','Barcelona','yes','SVBC','BLA','','http://aigdjaa.baer.gob.ve','https://en.wikipedia.org/wiki/General_Jo','Barcelona, Puero La Cruz,Lecheria'),(6300,'SVMI','large_airport','Simón Bolívar International Airport',10.601194,-66.991222,234,'SA','VE','VE-X','Caracas','yes','SVMI','CCS','','http://www.aeropuerto-maiquetia.com.ve/w','https://en.wikipedia.org/wiki/Sim%C3%B3n','Maiquetía \"Simón Bolívar\" International '),(342096,'TAO','large_airport','Qingdao Jiaodong International Airport',36.361953,120.088171,30,'AS','CN','CN-37','Jiaozhou, Qingdao','yes','ZSQD','TAO','','','https://en.wikipedia.org/wiki/Qingdao_Ji',''),(6363,'TFFF','large_airport','Martinique Aimé Césaire International Ai',14.591,-61.003201,16,'NA','MQ','MQ-U-A','Fort-de-France','yes','TFFF','FDF','','http://www.martinique.aeroport.fr/','https://en.wikipedia.org/wiki/Martinique','Le Lamentin Airport'),(6366,'TFFR','large_airport','Pointe-à-Pitre Le Raizet International  ',16.265301,-61.531799,36,'NA','GP','GP-U-A','Pointe-à-Pitre','yes','TFFR','PTP','','http://www.guadeloupe.aeroport.fr/','https://en.wikipedia.org/wiki/Pointe-%C3','Le Raizet, Les Abymes'),(6384,'TJSJ','large_airport','Luis Munoz Marin International Airport',18.4393997192,-66.0018005371,9,'NA','PR','PR-U-A','San Juan','yes','TJSJ','SJU','SJU','','https://en.wikipedia.org/wiki/Luis_Mu%C3','Isla Verde'),(6389,'TLPL','large_airport','Hewanorra International Airport',13.7332,-60.952599,14,'NA','LC','LC-11','Vieux Fort','yes','TLPL','UVF','','http://www.slaspa.com/contentPages/view/','https://en.wikipedia.org/wiki/Hewanorra_',''),(44483,'TN-0002','large_airport','Enfidha - Hammamet International Airport',36.075833,10.438611,21,'AF','TN','TN-51','Enfidha','yes','DTNH','NBE','DTNH','http://www.enfidhahammametairport.com/','https://en.wikipedia.org/wiki/Enfidha_%E','DTNH'),(6402,'TNCA','large_airport','Queen Beatrix International Airport',12.5014,-70.015198,60,'NA','AW','AW-U-A','Oranjestad','yes','TNCA','AUA','','','https://en.wikipedia.org/wiki/Queen_Beat','Playa'),(6403,'TNCB','large_airport','Flamingo International Airport',12.131,-68.268501,20,'NA','BQ','BQ-U-A','Kralendijk, Bonaire','yes','TNCB','BON','','','https://en.wikipedia.org/wiki/Flamingo_I','Bonaire'),(6404,'TNCC','large_airport','Hato International Airport',12.1889,-68.959801,29,'NA','CW','CW-U-A','Willemstad','yes','TNCC','CUR','','','https://en.wikipedia.org/wiki/Hato_Inter','Curaçao'),(6406,'TNCM','large_airport','Princess Juliana International Airport',18.041,-63.108898,13,'NA','SX','SX-U-A','Saint Martin','yes','TNCM','SXM','','','https://en.wikipedia.org/wiki/Princess_J',''),(6421,'UAAA','large_airport','Almaty International Airport',43.3521,77.040497,2234,'AS','KZ','KZ-ALM','Almaty','yes','UAAA','ALA','','','https://en.wikipedia.org/wiki/Almaty_Int','Alma Ata'),(6423,'UACC','large_airport','Nursultan Nazarbayev International Airpo',51.022202,71.466904,1165,'AS','KZ','KZ-AKM','Nur-Sultan','yes','UACC','NQZ','','https://www.nn-airport.kz','https://en.wikipedia.org/wiki/Nursultan_',''),(6426,'UAFM','large_airport','Manas International Airport',43.0612983704,74.4776000977,2058,'AS','KG','KG-C','Bishkek','yes','UCFM','FRU','','','https://en.wikipedia.org/wiki/Manas_Inte','UAFM, Manas Air Force Base'),(337747,'UAIT','large_airport','Hazrat Sultan International Airport',43.313126,68.549881,1,'AS','KZ','KZ-YUZ','','yes','UAIT','HSA','','','https://en.wikipedia.org/wiki/Hazret_Sul',''),(6440,'UBBB','large_airport','Heydar Aliyev International Airport',40.467498779296875,50.04669952392578,10,'AS','AZ','AZ-BA','Baku','yes','UBBB','GYD','','http://www.airport-baku.com/','https://en.wikipedia.org/wiki/Heydar_Ali','BAK, Bina International Airport, Heyd?r '),(6446,'UDYZ','large_airport','Zvartnots International Airport',40.1473007202,44.3959007263,2838,'AS','AM','AM-ER','Yerevan','yes','UDYZ','EVN','','http://www.aia-zvartnots.aero/','https://en.wikipedia.org/wiki/Zvartnots_','UGEE, Erevan Airport, Erivan Airport, ??'),(6453,'UGTB','large_airport','Tbilisi International Airport',41.6692008972,44.95470047,1624,'AS','GE','GE-TB','Tbilisi','yes','UGTB','TBS','','http://www.tbilisiairport.com/','https://en.wikipedia.org/wiki/Tbilisi_In','???????? ???????????? ?????????'),(6462,'UHWW','large_airport','Vladivostok International Airport',43.396256,132.148155,59,'EU','RU','RU-PRI','Artyom','yes','UHWW','VVO','','http://www.vladivostokavia.ru/en/airport','https://en.wikipedia.org/wiki/Vladivosto','Vladivostok-Knevichi Airport'),(6467,'UKBB','large_airport','Boryspil International Airport',50.345001220703125,30.894699096679688,427,'EU','UA','UA-32','Kiev','yes','UKBB','KBP','','http://www.airport-borispol.kiev.ua/','https://en.wikipedia.org/wiki/Boryspil_I','Borispol, ??????????? ???????? \"????????'),(6481,'UKLL','large_airport','Lviv International Airport',49.8125,23.9561,1071,'EU','UA','UA-46','Lviv','yes','UKLL','LWO','','http://www.airport.lviv.ua/index.php?id=','https://en.wikipedia.org/wiki/Lviv_Inter','??????????? ???????? \"?????\"'),(6489,'ULLI','large_airport','Pulkovo Airport',59.80030059814453,30.262500762939453,78,'EU','RU','RU-SPE','St. Petersburg','yes','ULLI','LED','','http://www.pulkovoairport.ru/','https://en.wikipedia.org/wiki/Pulkovo_Ai','????????? ????????, Leningrad, Shosseyna'),(6501,'UMMS','large_airport','Minsk National Airport',53.888071,28.039964,670,'EU','BY','BY-MI','Minsk','yes','UMMS','MSQ','','http://airport.by/en','https://en.wikipedia.org/wiki/Minsk_Nati','??????????? ????????, Minsk 2 Airport'),(6506,'UNKL','large_airport','Krasnoyarsk International Airport',56.173077,92.492437,942,'EU','RU','RU-KYA','Krasnoyarsk','yes','UNKL','KJA','','http://www.kja.aero','https://en.wikipedia.org/wiki/Krasnoyars','Yemelyanovo'),(6507,'UNNT','large_airport','Novosibirsk Tolmachevo Airport',55.019756,82.618675,365,'EU','RU','RU-NVS','Novosibirsk','yes','UNNT','OVB','','http://eng.tolmachevo.ru/','https://en.wikipedia.org/wiki/Tolmachevo',''),(326363,'URRP','large_airport','Platov International Airport',47.493888,39.924722,213,'EU','RU','RU-ROS','Rostov-on-Don','yes','URRP','ROV','','','https://en.wikipedia.org/wiki/Platov_Int','????, ????????????? ???????? ??????'),(6519,'URSS','large_airport','Sochi International Airport',43.449902,39.9566,89,'EU','RU','RU-KDA','Sochi','yes','URSS','AER','','http://basel.aero/en/sochi/','https://en.wikipedia.org/wiki/Sochi_Inte','Adler Airport, Black Sea, ????????????? '),(351695,'US-6372','large_airport','CLICK HERE TO APPLY FOR URGENT LOAN',42.287191,68.90625,0,'NA','US','US-KS','','no','','','','','',''),(351696,'US-6373','large_airport','CLICK HERE TO APPLY FOR URGENT LOAN',42.287191,68.90625,0,'NA','US','US-KS','','no','','','','','',''),(351697,'US-6374','large_airport','CLICK HERE TO APPLY FOR URGENT LOAN',42.287191,68.90625,0,'NA','US','US-KS','','no','','','','','',''),(351698,'US-6375','large_airport','CLICK HERE TO APPLY FOR URGENT LOAN',42.287191,68.90625,0,'NA','US','US-KS','','no','','','','','',''),(26378,'USSS','large_airport','Koltsovo Airport',56.743099212646,60.802700042725,764,'AS','RU','RU-SVE','Yekaterinburg','yes','USSS','SVX','','http://www.koltsovo.ru/en/','https://en.wikipedia.org/wiki/Koltsovo_A',''),(26380,'UTAA','large_airport','Ashgabat International Airport',37.986801,58.361,692,'AS','TM','TM-A','Ashgabat','yes','UTAA','ASB','','','https://en.wikipedia.org/wiki/Ashgabat_I','Saparmurat Turkmenbashy International Ai'),(26392,'UTTT','large_airport','Tashkent International Airport',41.257900238,69.2811965942,1417,'AS','UZ','UZ-TO','Tashkent','yes','UTTT','TAS','','','https://en.wikipedia.org/wiki/Tashkent_I',''),(42967,'UUBW','large_airport','Zhukovsky International Airport',55.553299,38.150002,377,'EU','RU','RU-MOS','Moscow','yes','UUBW','ZIA','','http://zia.aero/','https://en.wikipedia.org/wiki/Zhukovsky_','???????? ?????????, Zhukovsky Air Base, '),(26394,'UUDD','large_airport','Domodedovo International Airport',55.40879821777344,37.90629959106445,588,'EU','RU','RU-MOS','Moscow','yes','UUDD','DME','','http://www.domodedovo.ru/en/','https://en.wikipedia.org/wiki/Domodedovo','MOW, ???????? ???????????'),(26396,'UUEE','large_airport','Sheremetyevo International Airport',55.972599,37.4146,622,'EU','RU','RU-MOS','Moscow','yes','UUEE','SVO','','http://www.svo.aero/en/','https://en.wikipedia.org/wiki/Sheremetye','MOW, ????????????? ???????? ???????????,'),(26401,'UUWW','large_airport','Vnukovo International Airport',55.5914993286,37.2615013123,685,'EU','RU','RU-MOS','Moscow','yes','UUWW','VKO','','http://www.vnukovo.ru/eng','https://en.wikipedia.org/wiki/Vnukovo_In','MOW, ????????????? ???????? ???????'),(26404,'UWKD','large_airport','Kazan International Airport',55.606201171875,49.278701782227,411,'EU','RU','RU-TA','Kazan','yes','UWKD','KZN','','http://www.kazan.aero/en/','https://en.wikipedia.org/wiki/Kazan_Inte',''),(339001,'UWSG','large_airport','Gagarin International Airport',51.712778,46.171111,103,'EU','RU','RU-SAR','Saratov','yes','UWSG','GSV','','http://gsv.aero/en/','https://en.wikipedia.org/wiki/Saratov_Ga',''),(26411,'UWUU','large_airport','Ufa International Airport',54.557498931885,55.874401092529,449,'EU','RU','RU-BA','Ufa','yes','UWUU','UFA','','http://www.airportufa.ru/en/','https://en.wikipedia.org/wiki/Ufa_Intern','????????????? ???????? ???'),(26412,'UWWW','large_airport','Kurumoch International Airport',53.504901885986,50.16429901123,477,'EU','RU','RU-SAM','Samara','yes','UWWW','KUF','','http://airport.samara.ru/en/','https://en.wikipedia.org/wiki/Kurumoch_I',''),(26434,'VABB','large_airport','Chhatrapati Shivaji International Airpor',19.0886993408,72.8678970337,39,'AS','IN','IN-MM','Mumbai','yes','VABB','BOM','','http://www.csia.in/','https://en.wikipedia.org/wiki/Chhatrapat','Bombay, Sahar International Airport'),(26444,'VAGO','large_airport','Dabolim Airport',15.3808002472,73.8313980103,150,'AS','IN','IN-GA','Vasco da Gama','yes','VOGO','GOI','','','https://en.wikipedia.org/wiki/Dabolim_Ai','Goa Airport, Dabolim Navy Airbase, ?????'),(26463,'VCBI','large_airport','Bandaranaike International Colombo Airpo',7.180759906768799,79.88410186767578,30,'AS','LK','LK-1','Colombo','yes','VCBI','CMB','','http://www.airport.lk/','https://en.wikipedia.org/wiki/Bandaranai','RAF Negombo, Katunayake International Ai'),(309579,'VCRI','large_airport','Mattala Rajapaksa International Airport',6.284467,81.124128,157,'AS','LK','LK-3','','yes','VCRI','HRI','VCRI','http://www.mria.lk/','https://en.wikipedia.org/wiki/Mattala_Ra','Hambantota International Airport'),(26475,'VDPP','large_airport','Phnom Penh International Airport',11.5466,104.844002,40,'AS','KH','KH-12','Phnom Penh (Pou Senchey)','yes','VDPP','PNH','','http://www.cambodia-airports.com/phnompe','https://en.wikipedia.org/wiki/Phnom_Penh','Pochentong International Airport'),(26476,'VDSR','large_airport','Siem Reap International Airport',13.41155,103.813044,60,'AS','KH','KH-17','Siem Reap','yes','VDSR','REP','','http://www.cambodia-airports.com/siemrea','https://en.wikipedia.org/wiki/Siem_Reap_','Angkor International Airport'),(26496,'VECC','large_airport','Netaji Subhash Chandra Bose Internationa',22.654699325561523,88.44670104980469,16,'AS','IN','IN-WB','Kolkata','yes','VECC','CCU','','','https://en.wikipedia.org/wiki/Netaji_Sub','Calcutta, Kolkatta, Dum Dum Air Force St'),(26534,'VGZR','large_airport','Hazrat Shahjalal International Airport',23.843347,90.397783,30,'AS','BD','BD-3','Dhaka','yes','VGHS','DAC','','','https://en.wikipedia.org/wiki/Shahjalal_','VGZR, Zia International Airport, Dacca I'),(26535,'VHHH','large_airport','Hong Kong International Airport',22.308901,113.915001,28,'AS','HK','HK-U-A','Hong Kong','yes','VHHH','HKG','','http://www.hongkongairport.com/','https://en.wikipedia.org/wiki/Hong_Kong_','Chek Lap Kok Airport, ?????'),(26555,'VIDP','large_airport','Indira Gandhi International Airport',28.5665,77.103104,777,'AS','IN','IN-DL','New Delhi','yes','VIDP','DEL','','http://www.newdelhiairport.in/','https://en.wikipedia.org/wiki/Indira_Gan','Palam Air Force Station'),(26589,'VMMC','large_airport','Macau International Airport',22.149599,113.592003,20,'AS','MO','MO-U-A','Freguesia de Nossa Senhora do Carmo (Tai','yes','VMMC','MFM','','http://www.macau-airport.gov.mo/en/index','https://en.wikipedia.org/wiki/Macau_Inte','??????'),(26596,'VNKT','large_airport','Tribhuvan International Airport',27.6966,85.3591,4390,'AS','NP','NP-BA','Kathmandu','yes','VNKT','KTM','','http://www.tiairport.com.np/index.php','https://en.wikipedia.org/wiki/Tribhuvan_','gaucharan'),(35145,'VOBL','large_airport','Kempegowda International Airport',13.1979,77.706299,3000,'AS','IN','IN-KA','Bangalore','yes','VOBL','BLR','','http://www.bengaluruairport.com/home/hom','https://en.wikipedia.org/wiki/Kempegowda',''),(26609,'VOCI','large_airport','Cochin International Airport',10.152,76.401901,30,'AS','IN','IN-KL','Kochi','yes','VOCI','COK','','http://www.cial.aero/','https://en.wikipedia.org/wiki/Cochin_Int','Cochin'),(35141,'VOHS','large_airport','Rajiv Gandhi International Airport',17.231318,78.429855,2024,'AS','IN','IN-TG','Hyderabad','yes','VOHS','HYD','','http://www.hyderabad.aero/','https://en.wikipedia.org/wiki/Rajiv_Gand','Shamshabad, Hyderabad'),(26618,'VOMM','large_airport','Chennai International Airport',12.990005,80.169296,52,'AS','IN','IN-TN','Chennai','yes','VOMM','MAA','','','https://en.wikipedia.org/wiki/Chennai_In',''),(26629,'VOTV','large_airport','Trivandrum International Airport',8.48211956024,76.9200973511,15,'AS','IN','IN-KL','Thiruvananthapuram','yes','VOTV','TRV','','','https://en.wikipedia.org/wiki/Trivandrum','Thiruvananthapuram International Airport'),(26636,'VRMM','large_airport','Malé International Airport',4.191830158233643,73.52909851074219,6,'AS','MV','MV-MLE','Malé','yes','VRMM','MLE','','http://www.airports.com.mv/','https://en.wikipedia.org/wiki/Mal%C3%A9_',''),(26638,'VTBD','large_airport','Don Mueang International Airport',13.9125995636,100.607002258,9,'AS','TH','TH-10','Bangkok','yes','VTBD','DMK','','http://www2.airportthai.co.th/airportnew','https://en.wikipedia.org/wiki/Don_Mueang','Old Bangkok International Airport, Don M'),(28118,'VTBS','large_airport','Suvarnabhumi Airport',13.681099891662598,100.74700164794922,5,'AS','TH','TH-10','Bangkok','yes','VTBS','BKK','','','https://en.wikipedia.org/wiki/Suvarnabhu',''),(26647,'VTCC','large_airport','Chiang Mai International Airport',18.766799926799997,98.962600708,1036,'AS','TH','TH-50','Chiang Mai','yes','VTCC','CNX','','','https://en.wikipedia.org/wiki/Chiang_Mai',''),(26674,'VTSP','large_airport','Phuket International Airport',8.1132,98.316902,82,'AS','TH','TH-83','Phuket','yes','VTSP','HKT','','','https://en.wikipedia.org/wiki/Phuket_Int',''),(26700,'VVNB','large_airport','Noi Bai International Airport',21.221201,105.806999,39,'AS','VN','VN-RRD','Soc Son, Hanoi','yes','VVNB','HAN','','','https://en.wikipedia.org/wiki/Noi_Bai_In','Noibai Airport, Sân bay Qu?c t? N?i Bài'),(26708,'VVTS','large_airport','Tan Son Nhat International Airport',10.8188,106.652,33,'AS','VN','VN-SE','Ho Chi Minh City','yes','VVTS','SGN','','http://www.tsnairport.hochiminhcity.gov.','https://en.wikipedia.org/wiki/Tan_Son_Nh','Tansonnhat, Sài Gòn, Saigon, Sân bay Qu?'),(26727,'VYMD','large_airport','Mandalay International Airport',21.702199935913086,95.97789764404297,300,'AS','MM','MM-04','Mandalay','yes','VYMD','MDL','','','https://en.wikipedia.org/wiki/Mandalay_I',''),(26744,'VYYY','large_airport','Yangon International Airport',16.907300949099998,96.1332015991,109,'AS','MM','MM-06','Yangon','yes','VYYY','RGN','','http://www.yangonairportonline.com','https://en.wikipedia.org/wiki/Yangon_Int','Rangoon'),(26745,'WAAA','large_airport','Hasanuddin International Airport',-5.061629772186279,119.55400085449219,47,'AS','ID','ID-SN','Ujung Pandang-Celebes Island','yes','WAAA','UPG','','','https://en.wikipedia.org/wiki/Hasanuddin',''),(26751,'WADD','large_airport','Ngurah Rai (Bali) International Airport',-8.7481698989868,115.16699981689,14,'AS','ID','ID-BA','Denpasar-Bali Island','yes','WADD','DPS','','http://www.angkasapura1.co.id/eng/locati','https://en.wikipedia.org/wiki/Ngurah_Rai','WRRR'),(26755,'WAJJ','large_airport','Sentani International Airport',-2.57695,140.516006,289,'AS','ID','ID-PA','Jayapura-Papua Island','yes','WAJJ','DJJ','','https://sentani-airport.co.id/en','https://en.wikipedia.org/wiki/Sentani_In',''),(26789,'WARR','large_airport','Juanda International Airport',-7.3798298835754395,112.78700256347656,9,'AS','ID','ID-JI','Surabaya','yes','WARR','SUB','','http://www.juanda-airport.com/','https://en.wikipedia.org/wiki/Juanda_Int','WRSJ'),(26819,'WBSB','large_airport','Brunei International Airport',4.944200038909912,114.9280014038086,73,'AS','BN','BN-BM','Bandar Seri Begawan','yes','WBSB','BWN','','','https://en.wikipedia.org/wiki/Brunei_Int',''),(26835,'WIII','large_airport','Soekarno-Hatta International Airport',-6.1255698204,106.65599823,34,'AS','ID','ID-BT','Jakarta','yes','WIII','CGK','','http://www.jakartasoekarnohattaairport.c','https://en.wikipedia.org/wiki/Soekarno-H','JKT, Cengkareng, Java'),(26874,'WMKK','large_airport','Kuala Lumpur International Airport',2.745579957962,101.70999908447,69,'AS','MY','MY-14','Kuala Lumpur','yes','WMKK','KUL','','','https://en.wikipedia.org/wiki/Kuala_Lump','KLIA'),(26887,'WSSS','large_airport','Singapore Changi Airport',1.35019,103.994003,22,'AS','SG','SG-04','Singapore','yes','WSSS','SIN','','http://www.changiairport.com/','https://en.wikipedia.org/wiki/Singapore_','RAF Changi'),(26901,'YBBN','large_airport','Brisbane International Airport',-27.384199142456055,153.11700439453125,13,'OC','AU','AU-QLD','Brisbane','yes','YBBN','BNE','','','https://en.wikipedia.org/wiki/Brisbane_A',''),(27066,'YMML','large_airport','Melbourne International Airport',-37.673302,144.843002,434,'OC','AU','AU-VIC','Melbourne','yes','YMML','MEL','','http://melbourneairport.com.au/','https://en.wikipedia.org/wiki/Melbourne_',''),(332096,'YNT','large_airport','Yantai Penglai International Airport',37.659724,120.978124,154,'AS','CN','CN-37','Yantai','yes','ZSYT','YNT','','http://www.ytairport.com.cn/','https://en.wikipedia.org/wiki/Yantai_Pen',''),(27096,'YPAD','large_airport','Adelaide International Airport',-34.947512,138.533393,20,'OC','AU','AU-SA','Adelaide','yes','YPAD','ADL','','','https://en.wikipedia.org/wiki/Adelaide_I',''),(27119,'YPPH','large_airport','Perth International Airport',-31.94029998779297,115.96700286865234,67,'OC','AU','AU-WA','Perth','yes','YPPH','PER','','','https://en.wikipedia.org/wiki/Perth_Airp',''),(27145,'YSSY','large_airport','Sydney Kingsford Smith International Air',-33.94609832763672,151.177001953125,21,'OC','AU','AU-NSW','Sydney','yes','YSSY','SYD','','http://www.sydneyairport.com.au/','https://en.wikipedia.org/wiki/Kingsford_','RAAF Station Mascot'),(27188,'ZBAA','large_airport','Beijing Capital International Airport',40.080101013183594,116.58499908447266,116,'AS','CN','CN-11','Beijing','yes','ZBAA','PEK','','http://en.bcia.com.cn/','https://en.wikipedia.org/wiki/Beijing_Ca','BJS, Bejing, Peking, Olympics'),(330820,'ZBAD','large_airport','Beijing Daxing International Airport',39.509945,116.41092,98,'AS','CN','CN-11','Beijing','yes','ZBAD','PKX','','','https://en.wikipedia.org/wiki/Beijing_Da',''),(27189,'ZBHH','large_airport','Baita International Airport',40.851398,111.823997,3556,'AS','CN','CN-15','Hohhot','yes','ZBHH','HET','','http://www.hhhtbtjc.com/','https://en.wikipedia.org/wiki/Hohhot_Bai',''),(27192,'ZBTJ','large_airport','Tianjin Binhai International Airport',39.124401092499994,117.346000671,10,'AS','CN','CN-12','Tianjin','yes','ZBTJ','TSN','','','https://en.wikipedia.org/wiki/Tianjin_Bi',''),(27193,'ZBYN','large_airport','Taiyuan Wusu Airport',37.746899,112.627998,2575,'AS','CN','CN-14','Taiyuan','yes','ZBYN','TYN','','','https://en.wikipedia.org/wiki/Taiyuan_Wu',''),(27194,'ZGGG','large_airport','Guangzhou Baiyun International Airport',23.392401,113.299004,50,'AS','CN','CN-44','Guangzhou (Huadu)','yes','ZGGG','CAN','','http://www.baiyunairport.com/english/ind','https://en.wikipedia.org/wiki/Guangzhou_',''),(27195,'ZGHA','large_airport','Changsha Huanghua International Airport',28.189199447599997,113.220001221,217,'AS','CN','CN-43','Changsha','yes','ZGHA','CSX','','','https://en.wikipedia.org/wiki/Changsha_H','????????'),(27196,'ZGKL','large_airport','Guilin Liangjiang International Airport',25.219828,110.039553,570,'AS','CN','CN-45','Guilin (Lingui)','yes','ZGKL','KWL','','','https://en.wikipedia.org/wiki/Guilin_Lia',''),(27197,'ZGNN','large_airport','Nanning Wuxu Airport',22.608299,108.171997,421,'AS','CN','CN-45','Nanning (Jiangnan)','yes','ZGNN','NNG','','http://www.nnairport.com/','https://en.wikipedia.org/wiki/Nanning_Wu','??????, Nanning Wuxu Air Base'),(27198,'ZGSZ','large_airport','Shenzhen Bao\'an International Airport',22.639299,113.810997,13,'AS','CN','CN-44','Shenzhen (Bao\'an)','yes','ZGSZ','SZX','','http://eng.szairport.com/','https://en.wikipedia.org/wiki/Shenzhen_B','Baoan, Huangtian Airport'),(27199,'ZHCC','large_airport','Zhengzhou Xinzheng International Airport',34.526497,113.849165,495,'AS','CN','CN-41','Zhengzhou','yes','ZHCC','CGO','','','https://en.wikipedia.org/wiki/Zhengzhou_','Xinzheng Airport'),(27200,'ZHHH','large_airport','Wuhan Tianhe International Airport',30.774798,114.213723,113,'AS','CN','CN-42','Wuhan','yes','ZHHH','WUH','','http://www.whairport.com/','https://en.wikipedia.org/wiki/Wuhan_Tian',''),(27201,'ZJHK','large_airport','Haikou Meilan International Airport',19.9349,110.459,75,'AS','CN','CN-46','Haikou (Meilan)','yes','ZJHK','HAK','','','https://en.wikipedia.org/wiki/Haikou_Mei','ZGHK'),(27202,'ZJSY','large_airport','Sanya Phoenix International Airport',18.3029,109.412003,92,'AS','CN','CN-46','Sanya (Tianya)','yes','ZJSY','SYX','','','https://en.wikipedia.org/wiki/Sanya_Phoe',''),(27204,'ZLLL','large_airport','Lanzhou Zhongchuan International Airport',36.515202,103.620003,6388,'AS','CN','CN-62','Lanzhou','yes','ZLLL','LHW','','http://lzzcairport.com/Home/Index','https://en.wikipedia.org/wiki/Lanzhou_Ai','ZGC, Datong Air Base, ????????'),(27205,'ZLXY','large_airport','Xi\'an Xianyang International Airport',34.447102,108.751999,1572,'AS','CN','CN-61','Xi\'an','yes','ZLXY','XIY','','http://www.xxia.com/','https://en.wikipedia.org/wiki/Xi\'an_Xian','????????, Xian'),(335326,'ZMCK','large_airport','Ulaanbaatar Chinggis Khaan International',47.646916,106.819833,4482,'AS','MN','MN-047','Ulaanbaatar (Sergelen)','yes','ZMCK','UBN','','','https://en.wikipedia.org/wiki/New_Ulaanb','Khöshig Valley'),(27214,'ZPPP','large_airport','Kunming Changshui International Airport',25.1019444,102.9291667,6903,'AS','CN','CN-53','Kunming','yes','ZPPP','KMG','','','https://en.wikipedia.org/wiki/Kunming_Ch',''),(27215,'ZSAM','large_airport','Xiamen Gaoqi International Airport',24.54400062561035,118.12799835205078,59,'AS','CN','CN-35','Xiamen','yes','ZSAM','XMN','','http://www.xiagc.com.cn/enweb/','https://en.wikipedia.org/wiki/Xiamen_Gao','????????'),(27217,'ZSFZ','large_airport','Fuzhou Changle International Airport',25.934669,119.66318,46,'AS','CN','CN-35','Fuzhou','no','ZSFZ','','FOC','','https://en.wikipedia.org/wiki/Fuzhou_Cha',''),(27218,'ZSHC','large_airport','Hangzhou Xiaoshan International Airport',30.23609,120.428865,23,'AS','CN','CN-33','Hangzhou','yes','ZSHC','HGH','','http://www.hzairport.com/','https://en.wikipedia.org/wiki/Hangzhou_X','Hang Zhou, ????????'),(27219,'ZSJN','large_airport','Jinan Yaoqiang International Airport',36.857201,117.216003,76,'AS','CN','CN-37','Jinan','yes','ZSJN','TNA','','','https://en.wikipedia.org/wiki/Jinan_Yaoq',''),(27220,'ZSNB','large_airport','Ningbo Lishe International Airport',29.82670021057129,121.46199798583984,13,'AS','CN','CN-33','Ningbo','yes','ZSNB','NGB','','','https://en.wikipedia.org/wiki/Ningbo_Lis',''),(27221,'ZSNJ','large_airport','Nanjing Lukou International Airport',31.735032,118.865949,49,'AS','CN','CN-32','Nanjing','yes','ZSNJ','NKG','','','https://en.wikipedia.org/wiki/Nanjing_Lu',''),(27223,'ZSPD','large_airport','Shanghai Pudong International Airport',31.1434,121.805,13,'AS','CN','CN-31','Shanghai (Pudong)','yes','ZSPD','PVG','','','https://en.wikipedia.org/wiki/Shanghai_P',''),(27225,'ZSSS','large_airport','Shanghai Hongqiao International Airport',31.198104,121.33426,10,'AS','CN','CN-31','Shanghai (Minhang)','yes','ZSSS','SHA','','','https://en.wikipedia.org/wiki/Shanghai_H',''),(32672,'ZSWZ','large_airport','Wenzhou Longwan International Airport',27.912201,120.851997,0,'AS','CN','CN-33','Wenzhou','yes','ZSWZ','WNZ','','','https://en.wikipedia.org/wiki/Wenzhou_Lo','??????, Wenzhou Yongqiang Airport'),(27228,'ZUCK','large_airport','Chongqing Jiangbei International Airport',29.712254,106.651895,1365,'AS','CN','CN-50','Chongqing','yes','ZUCK','CKG','','','https://en.wikipedia.org/wiki/Chongqing_',''),(27229,'ZUGY','large_airport','Longdongbao Airport',26.53849983215332,106.8010025024414,3736,'AS','CN','CN-52','Guiyang','yes','ZUGY','KWE','','','https://en.wikipedia.org/wiki/Guiyang_Lo','Kaiyang Guiyang Air Base, Guiyang Air Ba'),(342095,'ZUTF','large_airport','Chengdu Tianfu International Airport',30.31252,104.441284,1440,'AS','CN','CN-51','Jianyang, Chengdu','yes','ZUTF','TFU','','','https://en.wikipedia.org/wiki/Chengdu_Ti',''),(27230,'ZUUU','large_airport','Chengdu Shuangliu International Airport',30.558257,103.945966,1625,'AS','CN','CN-51','Chengdu','yes','ZUUU','CTU','','http://www.cdairport.com/cdairport/en_fr','https://en.wikipedia.org/wiki/Chengdu_Sh','????????'),(27236,'ZWWW','large_airport','Ürümqi Diwopu International Airport',43.907100677490234,87.47419738769531,2125,'AS','CN','CN-65','Ürümqi','yes','ZWWW','URC','','','https://en.wikipedia.org/wiki/%C3%9Cr%C3',''),(27238,'ZYHB','large_airport','Harbin Taiping International Airport',45.623402,126.25,457,'AS','CN','CN-23','Harbin','yes','ZYHB','HRB','','','https://en.wikipedia.org/wiki/Harbin_Tai',''),(27242,'ZYTL','large_airport','Dalian Zhoushuizi International Airport',38.965698,121.539001,107,'AS','CN','CN-21','Ganjingzi, Dalian','yes','ZYTL','DLC','','','https://en.wikipedia.org/wiki/Dalian_Zho','Dalian Air Base'),(27243,'ZYTX','large_airport','Shenyang Taoxian International Airport',41.639801,123.483002,198,'AS','CN','CN-21','Hunnan, airport.Shenyang','yes','ZYTX','SHE','','','https://en.wikipedia.org/wiki/Shenyang_T','');
/*!40000 ALTER TABLE `airport` ENABLE KEYS */;
UNLOCK TABLES;

--
-- Table structure for table `country`
--

DROP TABLE IF EXISTS `country`;
/*!40101 SET @saved_cs_client     = @@character_set_client */;
/*!40101 SET character_set_client = utf8 */;
CREATE TABLE `country` (
  `iso_country` varchar(40) NOT NULL,
  `name` varchar(40) DEFAULT NULL,
  `continent` varchar(40) DEFAULT NULL,
  `wikipedia_link` varchar(40) DEFAULT NULL,
  `keywords` varchar(40) DEFAULT NULL,
  PRIMARY KEY (`iso_country`)
) ENGINE=InnoDB DEFAULT CHARSET=latin1 COLLATE=latin1_swedish_ci;
/*!40101 SET character_set_client = @saved_cs_client */;

--
-- Dumping data for table `country`
--

LOCK TABLES `country` WRITE;
/*!40000 ALTER TABLE `country` DISABLE KEYS */;
INSERT INTO `country` VALUES ('AD','Andorra','EU','https://en.wikipedia.org/wiki/Andorra','\r'),('AE','United Arab Emirates','AS','https://en.wikipedia.org/wiki/United_Ara','UAE'),('AF','Afghanistan','AS','https://en.wikipedia.org/wiki/Afghanista','\r'),('AG','Antigua and Barbuda','NA','https://en.wikipedia.org/wiki/Antigua_an','\r'),('AI','Anguilla','NA','https://en.wikipedia.org/wiki/Anguilla','\r'),('AL','Albania','EU','https://en.wikipedia.org/wiki/Albania','\r'),('AM','Armenia','AS','https://en.wikipedia.org/wiki/Armenia','\r'),('AO','Angola','AF','https://en.wikipedia.org/wiki/Angola','\r'),('AQ','Antarctica','AN','https://en.wikipedia.org/wiki/Antarctica','\r'),('AR','Argentina','SA','https://en.wikipedia.org/wiki/Argentina','Aeropuertos de Argentina\r'),('AS','American Samoa','OC','https://en.wikipedia.org/wiki/American_S','\r'),('AT','Austria','EU','https://en.wikipedia.org/wiki/Austria','Flughäfen in Österreich\r'),('AU','Australia','OC','https://en.wikipedia.org/wiki/Australia','\r'),('AW','Aruba','NA','https://en.wikipedia.org/wiki/Aruba','\r'),('AZ','Azerbaijan','AS','https://en.wikipedia.org/wiki/Azerbaijan','\r'),('BA','Bosnia and Herzegovina','EU','https://en.wikipedia.org/wiki/Bosnia_and','\r'),('BB','Barbados','NA','https://en.wikipedia.org/wiki/Barbados','\r'),('BD','Bangladesh','AS','https://en.wikipedia.org/wiki/Bangladesh','\r'),('BE','Belgium','EU','https://en.wikipedia.org/wiki/Belgium','Aéroports de Belgique'),('BF','Burkina Faso','AF','https://en.wikipedia.org/wiki/Burkina_Fa','\r'),('BG','Bulgaria','EU','https://en.wikipedia.org/wiki/Bulgaria','\r'),('BH','Bahrain','AS','https://en.wikipedia.org/wiki/Bahrain','?????? ???????\r'),('BI','Burundi','AF','https://en.wikipedia.org/wiki/Burundi','\r'),('BJ','Benin','AF','https://en.wikipedia.org/wiki/Benin','\r'),('BL','Saint Barthélemy','NA','https://en.wikipedia.org/wiki/Saint_Bart','\r'),('BM','Bermuda','NA','https://en.wikipedia.org/wiki/Bermuda','\r'),('BN','Brunei','AS','https://en.wikipedia.org/wiki/Brunei','\r'),('BO','Bolivia','SA','https://en.wikipedia.org/wiki/Bolivia','Aeropuertos de Bolivia\r'),('BQ','Caribbean Netherlands','NA','https://en.wikipedia.org/wiki/Caribbean_','\r'),('BR','Brazil','SA','https://en.wikipedia.org/wiki/Brazil','Brasil'),('BS','Bahamas','NA','https://en.wikipedia.org/wiki/Bahamas','\r'),('BT','Bhutan','AS','https://en.wikipedia.org/wiki/Bhutan','\r'),('BW','Botswana','AF','https://en.wikipedia.org/wiki/Botswana','\r'),('BY','Belarus','EU','https://en.wikipedia.org/wiki/Belarus','Belarussian'),('BZ','Belize','NA','https://en.wikipedia.org/wiki/Belize','\r'),('CA','Canada','NA','https://en.wikipedia.org/wiki/Canada','\r'),('CC','Cocos (Keeling) Islands','AS','https://en.wikipedia.org/wiki/Cocos_(Kee','\r'),('CD','Congo (Kinshasa)','AF','https://en.wikipedia.org/wiki/Congo_(Kin','\r'),('CF','Central African Republic','AF','https://en.wikipedia.org/wiki/Central_Af','\r'),('CG','Congo (Brazzaville)','AF','https://en.wikipedia.org/wiki/Congo_(Bra','\r'),('CH','Switzerland','EU','https://en.wikipedia.org/wiki/Switzerlan','Aéroports de la Suisse'),('CI','Côte d\'Ivoire','AF','https://en.wikipedia.org/wiki/Côte_d\'Ivo','Ivory Coast\r'),('CK','Cook Islands','OC','https://en.wikipedia.org/wiki/Cook_Islan','\r'),('CL','Chile','SA','https://en.wikipedia.org/wiki/Chile','Aeropuertos de Chile\r'),('CM','Cameroon','AF','https://en.wikipedia.org/wiki/Cameroon','\r'),('CN','China','AS','https://en.wikipedia.org/wiki/China','?????\r'),('CO','Colombia','SA','https://en.wikipedia.org/wiki/Colombia','Aeropuertos de Colombia\r'),('CR','Costa Rica','NA','https://en.wikipedia.org/wiki/Costa_Rica','Aeropuertos de Costa Rica\r'),('CU','Cuba','NA','https://en.wikipedia.org/wiki/Cuba','Aeropuertos de Cuba\r'),('CV','Cape Verde','AF','https://en.wikipedia.org/wiki/Cape_Verde','\r'),('CW','Curaçao','NA','https://en.wikipedia.org/wiki/Cura%C3%A7','\r'),('CX','Christmas Island','AS','https://en.wikipedia.org/wiki/Christmas_','\r'),('CY','Cyprus','AS','https://en.wikipedia.org/wiki/Cyprus','\r'),('CZ','Czech Republic','EU','https://en.wikipedia.org/wiki/Czech_Repu','Letišt? ?eské republiky'),('DE','Germany','EU','https://en.wikipedia.org/wiki/Germany','Flughäfen in Deutschland\r'),('DJ','Djibouti','AF','https://en.wikipedia.org/wiki/Djibouti','\r'),('DK','Denmark','EU','https://en.wikipedia.org/wiki/Denmark','Lufthavnene i Danmark\r'),('DM','Dominica','NA','https://en.wikipedia.org/wiki/Dominica','\r'),('DO','Dominican Republic','NA','https://en.wikipedia.org/wiki/Dominican_','\r'),('DZ','Algeria','AF','https://en.wikipedia.org/wiki/Algeria','?????? ???????\r'),('EC','Ecuador','SA','https://en.wikipedia.org/wiki/Ecuador','Aeropuertos de Ecuador\r'),('EE','Estonia','EU','https://en.wikipedia.org/wiki/Estonia','\r'),('EG','Egypt','AF','https://en.wikipedia.org/wiki/Egypt','?????? ???\r'),('EH','Western Sahara','AF','https://en.wikipedia.org/wiki/Western_Sa','Sahrawian'),('ER','Eritrea','AF','https://en.wikipedia.org/wiki/Eritrea','\r'),('ES','Spain','EU','https://en.wikipedia.org/wiki/Spain','Aeropuertos de España\r'),('ET','Ethiopia','AF','https://en.wikipedia.org/wiki/Ethiopia','\r'),('FI','Finland','EU','https://en.wikipedia.org/wiki/Finland','Lentokentät'),('FJ','Fiji','OC','https://en.wikipedia.org/wiki/Fiji','\r'),('FK','Falkland Islands','SA','https://en.wikipedia.org/wiki/Falkland_I','\r'),('FM','Micronesia','OC','https://en.wikipedia.org/wiki/Federated_','\r'),('FO','Faroe Islands','EU','https://en.wikipedia.org/wiki/Faroe_Isla','\r'),('FR','France','EU','https://en.wikipedia.org/wiki/France','Aéroports de France\r'),('GA','Gabon','AF','https://en.wikipedia.org/wiki/Gabon','\r'),('GB','United Kingdom','EU','https://en.wikipedia.org/wiki/United_Kin','Great Britain\r'),('GD','Grenada','NA','https://en.wikipedia.org/wiki/Grenada','\r'),('GE','Georgia','AS','https://en.wikipedia.org/wiki/Georgia_(c','\r'),('GF','French Guiana','SA','https://en.wikipedia.org/wiki/French_Gui','French Guyana\r'),('GG','Guernsey','EU','https://en.wikipedia.org/wiki/Guernsey','\r'),('GH','Ghana','AF','https://en.wikipedia.org/wiki/Ghana','\r'),('GI','Gibraltar','EU','https://en.wikipedia.org/wiki/Gibraltar','\r'),('GL','Greenland','NA','https://en.wikipedia.org/wiki/Greenland','\r'),('GM','Gambia','AF','https://en.wikipedia.org/wiki/Gambia','\r'),('GN','Guinea','AF','https://en.wikipedia.org/wiki/Guinea','Aéroports de la Guinée\r'),('GP','Guadeloupe','NA','https://en.wikipedia.org/wiki/Guadeloupe','\r'),('GQ','Equatorial Guinea','AF','https://en.wikipedia.org/wiki/Equatorial','\r'),('GR','Greece','EU','https://en.wikipedia.org/wiki/Greece','?????????? ???? ??????\r'),('GS','South Georgia and the South Sandwich Isl','AN','https://en.wikipedia.org/wiki/South_Geor','\r'),('GT','Guatemala','NA','https://en.wikipedia.org/wiki/Guatemala','Aeropuertos de Guatemala\r'),('GU','Guam','OC','https://en.wikipedia.org/wiki/Guam','\r'),('GW','Guinea-Bissau','AF','https://en.wikipedia.org/wiki/Guinea-Bis','\r'),('GY','Guyana','SA','https://en.wikipedia.org/wiki/Guyana','\r'),('HK','Hong Kong','AS','https://en.wikipedia.org/wiki/Hong_Kong','\r'),('HM','Heard and McDonald Islands','OC','https://en.wikipedia.org/wiki/Heard_Isla','\r'),('HN','Honduras','NA','https://en.wikipedia.org/wiki/Honduras','Aeropuertos de Honduras\r'),('HR','Croatia','EU','https://en.wikipedia.org/wiki/Croatia','\r'),('HT','Haiti','NA','https://en.wikipedia.org/wiki/Haiti','Aéroports de Haïti\r'),('HU','Hungary','EU','https://en.wikipedia.org/wiki/Hungary','Repül?terek Magyarország\r'),('ID','Indonesia','AS','https://en.wikipedia.org/wiki/Indonesia','Bandara di Indonesia\r'),('IE','Ireland','EU','https://en.wikipedia.org/wiki/Ireland','Eire\r'),('IL','Israel','AS','https://en.wikipedia.org/wiki/Israel','???? ?????? ?? ?????\r'),('IM','Isle of Man','EU','https://en.wikipedia.org/wiki/Isle_of_Ma','\r'),('IN','India','AS','https://en.wikipedia.org/wiki/India','\r'),('IO','British Indian Ocean Territory','AS','https://en.wikipedia.org/wiki/British_In','\r'),('IQ','Iraq','AS','https://en.wikipedia.org/wiki/Iraq','?????? ??????\r'),('IR','Iran','AS','https://en.wikipedia.org/wiki/Iran','??????? ??? ?????\r'),('IS','Iceland','EU','https://en.wikipedia.org/wiki/Iceland','\r'),('IT','Italy','EU','https://en.wikipedia.org/wiki/Italy','Aeroporti d\'Italia\r'),('JE','Jersey','EU','https://en.wikipedia.org/wiki/Jersey','\r'),('JM','Jamaica','NA','https://en.wikipedia.org/wiki/Jamaica','\r'),('JO','Jordan','AS','https://en.wikipedia.org/wiki/Jordan','?????? ?? ??????\r'),('JP','Japan','AS','https://en.wikipedia.org/wiki/Japan','Nippon'),('KE','Kenya','AF','https://en.wikipedia.org/wiki/Kenya','\r'),('KG','Kyrgyzstan','AS','https://en.wikipedia.org/wiki/Kyrgyzstan','\r'),('KH','Cambodia','AS','https://en.wikipedia.org/wiki/Cambodia','\r'),('KI','Kiribati','OC','https://en.wikipedia.org/wiki/Kiribati','\r'),('KM','Comoros','AF','https://en.wikipedia.org/wiki/Comoros','??? ?????\r'),('KN','Saint Kitts and Nevis','NA','https://en.wikipedia.org/wiki/Saint_Kitt','\r'),('KP','North Korea','AS','https://en.wikipedia.org/wiki/North_Kore','\r'),('KR','South Korea','AS','https://en.wikipedia.org/wiki/South_Kore','??? ??\r'),('KW','Kuwait','AS','https://en.wikipedia.org/wiki/Kuwait','\r'),('KY','Cayman Islands','NA','https://en.wikipedia.org/wiki/Cayman_Isl','\r'),('KZ','Kazakhstan','AS','https://en.wikipedia.org/wiki/Kazakhstan','Kazakh\r'),('LA','Laos','AS','https://en.wikipedia.org/wiki/Laos','\r'),('LB','Lebanon','AS','https://en.wikipedia.org/wiki/Lebanon','???????? ?? ?????\r'),('LC','Saint Lucia','NA','https://en.wikipedia.org/wiki/Saint_Luci','\r'),('LI','Liechtenstein','EU','https://en.wikipedia.org/wiki/Liechtenst','\r'),('LK','Sri Lanka','AS','https://en.wikipedia.org/wiki/Sri_Lanka','\r'),('LR','Liberia','AF','https://en.wikipedia.org/wiki/Liberia','\r'),('LS','Lesotho','AF','https://en.wikipedia.org/wiki/Lesotho','\r'),('LT','Lithuania','EU','https://en.wikipedia.org/wiki/Lithuania','\r'),('LU','Luxembourg','EU','https://en.wikipedia.org/wiki/Luxembourg','\r'),('LV','Latvia','EU','https://en.wikipedia.org/wiki/Latvia','\r'),('LY','Libya','AF','https://en.wikipedia.org/wiki/Libya','?????? ?? ?????\r'),('MA','Morocco','AF','https://en.wikipedia.org/wiki/Morocco','?????? ??????\r'),('MC','Monaco','EU','https://en.wikipedia.org/wiki/Monaco','\r'),('MD','Moldova','EU','https://en.wikipedia.org/wiki/Moldova','\r'),('ME','Montenegro','EU','https://en.wikipedia.org/wiki/Montenegro','\r'),('MF','Saint Martin','NA','https://en.wikipedia.org/wiki/Saint_Mart','\r'),('MG','Madagascar','AF','https://en.wikipedia.org/wiki/Madagascar','\r'),('MH','Marshall Islands','OC','https://en.wikipedia.org/wiki/Marshall_I','\r'),('MK','North Macedonia','EU','https://en.wikipedia.org/wiki/Macedonia','\r'),('ML','Mali','AF','https://en.wikipedia.org/wiki/Mali','Aéroports du Mali\r'),('MM','Burma','AS','https://en.wikipedia.org/wiki/Burma','Myanmar\r'),('MN','Mongolia','AS','https://en.wikipedia.org/wiki/Mongolia','\r'),('MO','Macau','AS','https://en.wikipedia.org/wiki/Macau','Macao\r'),('MP','Northern Mariana Islands','OC','https://en.wikipedia.org/wiki/Northern_M','\r'),('MQ','Martinique','NA','https://en.wikipedia.org/wiki/Martinique','\r'),('MR','Mauritania','AF','https://en.wikipedia.org/wiki/Mauritania','?????? ?????????\r'),('MS','Montserrat','NA','https://en.wikipedia.org/wiki/Montserrat','\r'),('MT','Malta','EU','https://en.wikipedia.org/wiki/Malta','\r'),('MU','Mauritius','AF','https://en.wikipedia.org/wiki/Mauritius','\r'),('MV','Maldives','AS','https://en.wikipedia.org/wiki/Maldives','\r'),('MW','Malawi','AF','https://en.wikipedia.org/wiki/Malawi','\r'),('MX','Mexico','NA','https://en.wikipedia.org/wiki/Mexico','Aeropuertos de México\r'),('MY','Malaysia','AS','https://en.wikipedia.org/wiki/Malaysia','Lapangan Terbang Malaysia\r'),('MZ','Mozambique','AF','https://en.wikipedia.org/wiki/Mozambique','\r'),('NA','Namibia','AF','https://en.wikipedia.org/wiki/Namibia','\r'),('NC','New Caledonia','OC','https://en.wikipedia.org/wiki/New_Caledo','\r'),('NE','Niger','AF','https://en.wikipedia.org/wiki/Niger','\r'),('NF','Norfolk Island','OC','https://en.wikipedia.org/wiki/Norfolk_Is','\r'),('NG','Nigeria','AF','https://en.wikipedia.org/wiki/Nigeria','\r'),('NI','Nicaragua','NA','https://en.wikipedia.org/wiki/Nicaragua','Aeropuertos de Nicaragua\r'),('NL','Netherlands','EU','https://en.wikipedia.org/wiki/Netherland','Holland'),('NO','Norway','EU','https://en.wikipedia.org/wiki/Norway','Flyplasser i Norge\r'),('NP','Nepal','AS','https://en.wikipedia.org/wiki/Nepal','????? ???????????\r'),('NR','Nauru','OC','https://en.wikipedia.org/wiki/Nauru','\r'),('NU','Niue','OC','https://en.wikipedia.org/wiki/Niue','\r'),('NZ','New Zealand','OC','https://en.wikipedia.org/wiki/New_Zealan','\r'),('OM','Oman','AS','https://en.wikipedia.org/wiki/Oman','?????? ????\r'),('PA','Panama','NA','https://en.wikipedia.org/wiki/Panama','Aeropuertos de Panamá\r'),('PE','Perú','SA','https://en.wikipedia.org/wiki/Perú','Aeropuertos de Perú\r'),('PF','French Polynesia','OC','https://en.wikipedia.org/wiki/French_Pol','\r'),('PG','Papua New Guinea','OC','https://en.wikipedia.org/wiki/Papua_New_','\r'),('PH','Philippines','AS','https://en.wikipedia.org/wiki/Philippine','Mga alternatibong byahe mula sa Pilipina'),('PK','Pakistan','AS','https://en.wikipedia.org/wiki/Pakistan','??????? ?? ????? ????\r'),('PL','Poland','EU','https://en.wikipedia.org/wiki/Poland','Lotniska Polski\r'),('PM','Saint Pierre and Miquelon','NA','https://en.wikipedia.org/wiki/Saint_Pier','\r'),('PN','Pitcairn','OC','https://en.wikipedia.org/wiki/Pitcairn','\r'),('PR','Puerto Rico','NA','https://en.wikipedia.org/wiki/Puerto_Ric','\r'),('PS','Palestinian Territory','AS','https://en.wikipedia.org/wiki/Palestinia','\r'),('PT','Portugal','EU','https://en.wikipedia.org/wiki/Portugal','Aeroportos do Brasil\r'),('PW','Palau','OC','https://en.wikipedia.org/wiki/Palau','\r'),('PY','Paraguay','SA','https://en.wikipedia.org/wiki/Paraguay','Aeropuertos de Paraguay\r'),('QA','Qatar','AS','https://en.wikipedia.org/wiki/Qatar','?????? ???\r'),('RE','Réunion','AF','https://en.wikipedia.org/wiki/Réunion','Île Bourbon'),('RO','Romania','EU','https://en.wikipedia.org/wiki/Romania','Aeroporturi din România\r'),('RS','Serbia','EU','https://en.wikipedia.org/wiki/Serbia','Serb\r'),('RU','Russia','EU','https://en.wikipedia.org/wiki/Russia','Soviet'),('RW','Rwanda','AF','https://en.wikipedia.org/wiki/Rwanda','\r'),('SA','Saudi Arabia','AS','https://en.wikipedia.org/wiki/Saudi_Arab','?????? ??????? ??????? ????????'),('SB','Solomon Islands','OC','https://en.wikipedia.org/wiki/Solomon_Is','\r'),('SC','Seychelles','AF','https://en.wikipedia.org/wiki/Seychelles','\r'),('SD','Sudan','AF','https://en.wikipedia.org/wiki/Sudan','?????? ???????\r'),('SE','Sweden','EU','https://en.wikipedia.org/wiki/Sweden','Flygplatserna'),('SG','Singapore','AS','https://en.wikipedia.org/wiki/Singapore','\r'),('SH','Saint Helena','AF','https://en.wikipedia.org/wiki/Saint_Hele','\r'),('SI','Slovenia','EU','https://en.wikipedia.org/wiki/Slovenia','\r'),('SK','Slovakia','EU','https://en.wikipedia.org/wiki/Slovakia','letisko Slovenska\r'),('SL','Sierra Leone','AF','https://en.wikipedia.org/wiki/Sierra_Leo','\r'),('SM','San Marino','EU','https://en.wikipedia.org/wiki/San_Marino','\r'),('SN','Senegal','AF','https://en.wikipedia.org/wiki/Senegal','Aéroports du Sénégal\r'),('SO','Somalia','AF','https://en.wikipedia.org/wiki/Somalia','\r'),('SR','Suriname','SA','https://en.wikipedia.org/wiki/Suriname','\r'),('SS','South Sudan','AF','https://en.wikipedia.org/wiki/South_Suda','\r'),('ST','São Tomé and Principe','AF','https://en.wikipedia.org/wiki/São_Tomé_a','\r'),('SV','El Salvador','NA','https://en.wikipedia.org/wiki/El_Salvado','Salvadorian'),('SX','Sint Maarten','NA','https://en.wikipedia.org/wiki/Sint_Maart','\r'),('SY','Syria','AS','https://en.wikipedia.org/wiki/Syria','?????? ?????\r'),('SZ','Eswatini','AF','https://en.wikipedia.org/wiki/Eswatini','Swaziland\r'),('TC','Turks and Caicos Islands','NA','https://en.wikipedia.org/wiki/Turks_and_','\r'),('TD','Chad','AF','https://en.wikipedia.org/wiki/Chad','\r'),('TF','French Southern Territories','AN','https://en.wikipedia.org/wiki/French_Sou','\r'),('TG','Togo','AF','https://en.wikipedia.org/wiki/Togo','\r'),('TH','Thailand','AS','https://en.wikipedia.org/wiki/Thailand','Siam'),('TJ','Tajikistan','AS','https://en.wikipedia.org/wiki/Tajikistan','Tajik\r'),('TK','Tokelau','OC','https://en.wikipedia.org/wiki/Tokelau','\r'),('TL','Timor-Leste','AS','https://en.wikipedia.org/wiki/Timor-Lest','East Timor\r'),('TM','Turkmenistan','AS','https://en.wikipedia.org/wiki/Turkmenist','\r'),('TN','Tunisia','AF','https://en.wikipedia.org/wiki/Tunisia','?????? ????\r'),('TO','Tonga','OC','https://en.wikipedia.org/wiki/Tonga','\r'),('TR','Turkey','AS','https://en.wikipedia.org/wiki/Turkey','Türkiye havaalanlar?\r'),('TT','Trinidad and Tobago','NA','https://en.wikipedia.org/wiki/Trinidad_a','\r'),('TV','Tuvalu','OC','https://en.wikipedia.org/wiki/Tuvalu','\r'),('TW','Taiwan','AS','https://en.wikipedia.org/wiki/Taiwan','\r'),('TZ','Tanzania','AF','https://en.wikipedia.org/wiki/Tanzania','\r'),('UA','Ukraine','EU','https://en.wikipedia.org/wiki/Ukraine','????????? ???????\r'),('UG','Uganda','AF','https://en.wikipedia.org/wiki/Uganda','\r'),('UM','United States Minor Outlying Islands','OC','https://en.wikipedia.org/wiki/United_Sta','\r'),('US','United States','NA','https://en.wikipedia.org/wiki/United_Sta','America\r'),('UY','Uruguay','SA','https://en.wikipedia.org/wiki/Uruguay','Aeropuertos de Uruguay\r'),('UZ','Uzbekistan','AS','https://en.wikipedia.org/wiki/Uzbekistan','Uzbek\r'),('VA','Vatican City','EU','https://en.wikipedia.org/wiki/Vatican_Ci','The Holy See\r'),('VC','Saint Vincent and the Grenadines','NA','https://en.wikipedia.org/wiki/Saint_Vinc','\r'),('VE','Venezuela','SA','https://en.wikipedia.org/wiki/Venezuela','Aeropuertos de Venezuela\r'),('VG','British Virgin Islands','NA','https://en.wikipedia.org/wiki/British_Vi','\r'),('VI','U.S. Virgin Islands','NA','https://en.wikipedia.org/wiki/U.S._Virgi','\r'),('VN','Vietnam','AS','https://en.wikipedia.org/wiki/Vietnam','Các sân bay c?a Vi?t Nam\r'),('VU','Vanuatu','OC','https://en.wikipedia.org/wiki/Vanuatu','\r'),('WF','Wallis and Futuna','OC','https://en.wikipedia.org/wiki/Wallis_and','\r'),('WS','Samoa','OC','https://en.wikipedia.org/wiki/Samoa','\r'),('XK','Kosovo','EU','https://en.wikipedia.org/wiki/Kosovo','Kosova\r'),('YE','Yemen','AS','https://en.wikipedia.org/wiki/Yemen','?????? ?????\r'),('YT','Mayotte','AF','https://en.wikipedia.org/wiki/Mayotte','\r'),('ZA','South Africa','AF','https://en.wikipedia.org/wiki/South_Afri','\r'),('ZM','Zambia','AF','https://en.wikipedia.org/wiki/Zambia','\r'),('ZW','Zimbabwe','AF','https://en.wikipedia.org/wiki/Zimbabwe','\r'),('ZZ','Unknown or unassigned country','AF','https://en.wikipedia.org/wiki/Unknown_or','\r');
/*!40000 ALTER TABLE `country` ENABLE KEYS */;
UNLOCK TABLES;

--
-- Table structure for table `country_questions`
--

DROP TABLE IF EXISTS `country_questions`;
/*!40101 SET @saved_cs_client     = @@character_set_client */;
/*!40101 SET character_set_client = utf8 */;
CREATE TABLE `country_questions` (
  `id` int(10) unsigned NOT NULL AUTO_INCREMENT,
  `iso_country` varchar(40) NOT NULL,
  `country_name` varchar(255) NOT NULL,
  `question_text` longtext NOT NULL,
  `option1` text NOT NULL,
  `option2` text NOT NULL,
  `option3` text NOT NULL,
  `option4` text NOT NULL,
  PRIMARY KEY (`id`)
) ENGINE=InnoDB AUTO_INCREMENT=233 DEFAULT CHARSET=utf8mb4 COLLATE=utf8mb4_general_ci;
/*!40101 SET character_set_client = @saved_cs_client */;

--
-- Dumping data for table `country_questions`
--

LOCK TABLES `country_questions` WRITE;
/*!40000 ALTER TABLE `country_questions` DISABLE KEYS */;

INSERT INTO `country_questions` VALUES
(1,'AL','Albania','Mikä on Albanian pääkaupunki?','Tirana','Sarajevo','Podgorica','Skopje'),
(2,'AL','Albania','Mikä on Albanian valuutta?','Euro','Lek','Dinar','Kuna'),
(3,'AL','Albania','Mikä on Albanian väkiluku?','2.8 miljoonaa','3.2 miljoonaa','2.4 miljoonaa','3.6 miljoonaa'),
(4,'DZ','Algeria','Mikä on Algerian pääkaupunki?','Algiers','Tunis','Rabat','Tripoli'),
(5,'DZ','Algeria','Mikä on Algerian valuutta?','Dinar','Euro','Punta','Dirham'),
(6,'DZ','Algeria','Mikä on Algerian väkiluku?','43 miljoonaa','39 miljoonaa','47 miljoonaa','51 miljoonaa'),
(7,'AO','Angola','Mikä on Angolan pääkaupunki?','Luanda','Maputo','Harare','Lusaka'),
(8,'AO','Angola','Mikä on Angolan valuutta?','Kwanza','Dollari','Peso','Rand'),
(9,'AO','Angola','Mikä on Angolan väkiluku?','30 miljoonaa','26 miljoonaa','34 miljoonaa','38 miljoonaa'),
(10,'AR','Argentina','Mikä on Argentiinan pääkaupunki?','Buenos Aires','Santiago','Lima','Brasilia'),
(11,'AR','Argentina','Mikä on Argentiinan valuutta?','Peso','Dollari','Real','Sol'),
(12,'AR','Argentina','Mikä on Argentiinan väkiluku?','44 miljoonaa','40 miljoonaa','48 miljoonaa','52 miljoonaa'),
(13,'AM','Armenia','Mikä on Armenian pääkaupunki?','Yerevan','Baku','Tbilisi','Ankara'),
(14,'AM','Armenia','Mikä on Armenian valuutta?','Dram','Lira','Manat','Ruble'),
(15,'AM','Armenia','Mikä on Armenian väkiluku?','3 miljoonaa','2 miljoonaa','4 miljoonaa','5 miljoonaa'),
(16,'AW','Aruba','Mikä on Aruban pääkaupunki?','Oranjestad','Willemstad','Bridgetown','Kingston'),
(17,'AW','Aruba','Mikä on Aruban valuutta?','Florin','Dollari','Peso','Guilder'),
(18,'AW','Aruba','Mikä on Aruban väkiluku?','105,000','95,000','115,000','125,000'),
(19,'AU','Australia','Mikä on Australian pääkaupunki?','Canberra','Wellington','Sydney','Melbourne'),
(20,'AU','Australia','Mikä on Australian valuutta?','Dollari','Punta','Euro','Yen'),
(21,'AU','Australia','Mikä on Australian väkiluku?','25 miljoonaa','21 miljoonaa','29 miljoonaa','33 miljoonaa'),
(22,'AT','Austria','Mikä on Itävallan pääkaupunki?','Vienna','Bern','Berlin','Bratislava'),
(23,'AT','Austria','Mikä on Itävallan valuutta?','Euro','Franc','Mark','Krona'),
(24,'AT','Austria','Mikä on Itävallan väkiluku?','9 miljoonaa','7 miljoonaa','11 miljoonaa','13 miljoonaa'),
(25,'AZ','Azerbaijan','Mikä on Azerbaidžanin pääkaupunki?','Baku','Yerevan','Tbilisi','Ankara'),
(26,'AZ','Azerbaijan','Mikä on Azerbaidžanin valuutta?','Manat','Dram','Lira','Ruble'),
(27,'AZ','Azerbaijan','Mikä on Azerbaidžanin väkiluku?','10 miljoonaa','8 miljoonaa','12 miljoonaa','14 miljoonaa'),
(28,'BS','Bahamas','Mikä on Bahaman pääkaupunki?','Nassau','Kingston','Havana','Port-au-Prince'),
(29,'BS','Bahamas','Mikä on Bahaman valuutta?','Dollari','Peso','Guilder','Florin'),
(30,'BS','Bahamas','Mikä on Bahaman väkiluku?','400,000','300,000','500,000','600,000'),
(31,'BH','Bahrain','Mikä on Bahrainin pääkaupunki?','Manama','Doha','Kuwait City','Muscat'),
(32,'BH','Bahrain','Mikä on Bahrainin valuutta?','Dinar','Rial','Punta','Dirham'),
(33,'BH','Bahrain','Mikä on Bahrainin väkiluku?','1.5 miljoonaa','1 miljoona','2 miljoonaa','2.5 miljoonaa'),
(34,'BD','Bangladesh','Mikä on Bangladeshin pääkaupunki?','Dhaka','Kathmandu','Colombo','Islamabad'),
(35,'BD','Bangladesh','Mikä on Bangladeshin valuutta?','Taka','Rupee','Riel','Dollari'),
(36,'BD','Bangladesh','Mikä on Bangladeshin väkiluku?','160 miljoonaa','140 miljoonaa','180 miljoonaa','200 miljoonaa'),
(37,'BB','Barbados','Mikä on Barbadoksen pääkaupunki?','Bridgetown','Kingston','Port of Spain','Castries'),
(38,'BB','Barbados','Mikä on Barbadoksen valuutta?','Dollari','Peso','Guilder','Florin'),
(39,'BB','Barbados','Mikä on Barbadoksen väkiluku?','300,000','200,000','400,000','500,000'),
(40,'BY','Belarus','Mikä on Valko-Venäjän pääkaupunki?','Minsk','Kiev','Vilnius','Riga'),
(41,'BY','Belarus','Mikä on Valko-Venäjän valuutta?','Ruble','Dollari','Euro','Punta'),
(42,'BY','Belarus','Mikä on Valko-Venäjän väkiluku?','9.5 miljoonaa','8 miljoonaa','11 miljoonaa','12 miljoonaa'),
(43,'BE','Belgium','Mikä on Belgian pääkaupunki?','Brussels','Amsterdam','Luxembourg','Paris'),
(44,'BE','Belgium','Mikä on Belgian valuutta?','Euro','Franc','Mark','Krona'),
(45,'BE','Belgium','Mikä on Belgian väkiluku?','11 miljoonaa','9 miljoonaa','13 miljoonaa','15 miljoonaa'),
(46,'BZ','Belize','Mikä on Belizen pääkaupunki?','Belmopan','Kingston','Port of Spain','Castries'),
(47,'BZ','Belize','Mikä on Belizen valuutta?','Dollari','Peso','Guilder','Florin'),
(48,'BZ','Belize','Mikä on Belizen väkiluku?','400,000','300,000','500,000','600,000'),
(49,'BO','Bolivia','Mikä on Bolivian pääkaupunki?','La Paz','Quito','Lima','Bogota'),
(50,'BO','Bolivia','Mikä on Bolivian valuutta?','Boliviano','Peso','Sol','Real'),
(51,'BO','Bolivia','Mikä on Bolivian väkiluku?','11 miljoonaa','9 miljoonaa','13 miljoonaa','15 miljoonaa'),
(52,'BW','Botswana','Mikä on Botswanan pääkaupunki?','Gaborone','Harare','Lusaka','Windhoek'),
(53,'BW','Botswana','Mikä on Botswanan valuutta?','Pula','Dollari','Rand','Kwacha'),
(54,'BW','Botswana','Mikä on Botswanan väkiluku?','2.5 miljoonaa','2 miljoonaa','3 miljoonaa','3.5 miljoonaa'),
(55,'BR','Brazil','Mikä on Brasilian pääkaupunki?','Brasilia','Buenos Aires','Santiago','Lima'),
(56,'BR','Brazil','Mikä on Brasilian valuutta?','Real','Peso','Sol','Boliviano'),
(57,'BR','Brazil','Mikä on Brasilian väkiluku?','210 miljoonaa','190 miljoonaa','230 miljoonaa','250 miljoonaa'),
(58,'BN','Brunei','Mikä on Brunein pääkaupunki?','Bandar Seri Begawan','Jakarta','Kuala Lumpur','Manila'),
(59,'BN','Brunei','Mikä on Brunein valuutta?','Dollari','Peso','Ringgit','Rupiah'),
(60,'BN','Brunei','Mikä on Brunein väkiluku?','400,000','300,000','500,000','600,000'),
(61,'BG','Bulgaria','Mikä on Bulgarian pääkaupunki?','Sofia','Bucharest','Belgrade','Skopje'),
(62,'BG','Bulgaria','Mikä on Bulgarian valuutta?','Lev','Dinar','Euro','Punta'),
(63,'BG','Bulgaria','Mikä on Bulgarian väkiluku?','7 miljoonaa','5 miljoonaa','9 miljoonaa','11 miljoonaa'),
(64,'KH','Cambodia','Mikä on Kambodžan pääkaupunki?','Phnom Penh','Hanoi','Vientiane','Naypyidaw'),
(65,'KH','Cambodia','Mikä on Kambodžan valuutta?','Riel','Dollari','Baht','Kip'),
(66,'KH','Cambodia','Mikä on Kambodžan väkiluku?','16 miljoonaa','14 miljoonaa','18 miljoonaa','20 miljoonaa'),
(67,'CA','Canada','Mikä on Kanadan pääkaupunki?','Ottawa','Washington','London','Paris'),
(68,'CA','Canada','Mikä on Kanadan valuutta?','Dollari','Punta','Euro','Yen'),
(69,'CA','Canada','Mikä on Kanadan väkiluku?','37 miljoonaa','33 miljoonaa','41 miljoonaa','45 miljoonaa'),
(70,'CV','Cape Verde','Mikä on Kap Verden pääkaupunki?','Praia','Dakar','Banjul','Conakry'),
(71,'CV','Cape Verde','Mikä on Kap Verden valuutta?','Escudo','Dollari','Peso','Guilder'),
(72,'CV','Cape Verde','Mikä on Kap Verden väkiluku?','500,000','400,000','600,000','700,000'),
(73,'BQ','Caribbean Netherlands','Mikä on Karibian Alankomaiden pääkaupunki?','Kralendijk','Oranjestad','Willemstad','Philipsburg'),
(74,'BQ','Caribbean Netherlands','Mikä on Karibian Alankomaiden valuutta?','Dollari','Florin','Peso','Guilder'),
(75,'BQ','Caribbean Netherlands','Mikä on Karibian Alankomaiden väkiluku?','25,000','20,000','30,000','35,000'),
(76,'KY','Cayman Islands','Mikä on Caymansaarten pääkaupunki?','George Town','Kingston','Port of Spain','Castries'),
(77,'KY','Cayman Islands','Mikä on Caymansaarten valuutta?','Dollari','Peso','Guilder','Florin'),
(78,'KY','Cayman Islands','Mikä on Caymansaarten väkiluku?','65,000','55,000','75,000','85,000'),
(79,'CL','Chile','Mikä on Chilen pääkaupunki?','Santiago','Buenos Aires','Lima','Quito'),
(80,'CL','Chile','Mikä on Chilen valuutta?','Peso','Real','Sol','Boliviano'),
(81,'CL','Chile','Mikä on Chilen väkiluku?','18 miljoonaa','16 miljoonaa','20 miljoonaa','22 miljoonaa'),
(82,'CN','China','Mikä on Kiinan pääkaupunki?','Beijing','Tokyo','Seoul','Taipei'),
(83,'CN','China','Mikä on Kiinan valuutta?','Yuan','Yen','Won','Dollari'),
(84,'CN','China','Mikä on Kiinan väkiluku?','1.4 miljardia','1.2 miljardia','1.6 miljardia','1.8 miljardia'),
(85,'CO','Colombia','Mikä on Kolumbian pääkaupunki?','Bogota','Quito','Lima','Caracas'),
(86,'CO','Colombia','Mikä on Kolumbian valuutta?','Peso','Sol','Real','Boliviano'),
(87,'CO','Colombia','Mikä on Kolumbian väkiluku?','50 miljoonaa','45 miljoonaa','55 miljoonaa','60 miljoonaa'),
(88,'CD','Congo Kinshasa','Mikä on Kongon pääkaupunki?','Kinshasa','Brazzaville','Luanda','Kampala'),
(89,'CD','Congo Kinshasa','Mikä on Kongon valuutta?','Franc','Dollari','Euro','Punta'),
(90,'CD','Congo Kinshasa','Mikä on Kongon väkiluku?','85 miljoonaa','80 miljoonaa','90 miljoonaa','95 miljoonaa'),
(91,'CK','Cook Islands','Mikä on Cookinsaarten pääkaupunki?','Avarua','Nuku''alofa','Suva','Port Vila'),
(92,'CK','Cook Islands','Mikä on Cookinsaarten valuutta?','Dollari','Peso','Guilder','Florin'),
(93,'CK','Cook Islands','Mikä on Cookinsaarten väkiluku?','15,000','10,000','20,000','25,000'),
(94,'CR','Costa Rica','Mikä on Costa Rican pääkaupunki?','San Jose','Managua','Tegucigalpa','San Salvador'),
(95,'CR','Costa Rica','Mikä on Costa Rican valuutta?','Colon','Dollari','Peso','Quetzal'),
(96,'CR','Costa Rica','Mikä on Costa Rican väkiluku?','5 miljoonaa','4 miljoonaa','6 miljoonaa','7 miljoonaa'),
(97,'HR','Croatia','Mikä on Kroatian pääkaupunki?','Zagreb','Belgrade','Budapest','Ljubljana'),
(98,'HR','Croatia','Mikä on Kroatian valuutta?','Kuna','Dinar','Euro','Punta'),
(99,'HR','Croatia','Mikä on Kroatian väkiluku?','4 miljoonaa','3 miljoonaa','5 miljoonaa','6 miljoonaa'),
(100,'CU','Cuba','Mikä on Kuuban pääkaupunki?','Havana','Santo Domingo','Port-au-Prince','Kingston'),
(102,'CU','Cuba','Mikä on Kuuban väkiluku?','11 miljoonaa','10 miljoonaa','12 miljoonaa','13 miljoonaa'),
(103,'CY','Cyprus','Mikä on Kyproksen pääkaupunki?','Nicosia','Ateena','Ankara','Beirut'),
(104,'CY','Cyprus','Mikä on Kyproksen valuutta?','Euro','Punta','Lira','Dinaari'),
(105,'CY','Cyprus','Mikä on Kyproksen väkiluku?','1,2 miljoonaa','1 miljoona','1,4 miljoonaa','1,6 miljoonaa'),
(106,'CZ','Czech Republic','Mikä on Tšekin tasavallan pääkaupunki?','Praha','Wien','Bratislava','Varsova'),
(107,'CZ','Czech Republic','Mikä on Tšekin tasavallan valuutta?','Koruna','Euro','Frangi','Markka'),
(108,'CZ','Czech Republic','Mikä on Tšekin tasavallan väkiluku?','10 miljoonaa','9 miljoonaa','11 miljoonaa','12 miljoonaa'),
(109,'DK','Denmark','Mikä on Tanskan pääkaupunki?','Kööpenhamina','Oslo','Tukholma','Helsinki'),
(110,'DK','Denmark','Mikä on Tanskan valuutta?','Kruunu','Euro','Frangi','Markka'),
(111,'DK','Denmark','Mikä on Tanskan väkiluku?','6 miljoonaa','5 miljoonaa','7 miljoonaa','8 miljoonaa'),
(112,'DJ','Djibouti','Mikä on Djiboutin pääkaupunki?','Djibouti','Addis Abeba','Nairobi','Kampala'),
(113,'DJ','Djibouti','Mikä on Djiboutin valuutta?','Frangi','Dollari','Euro','Punta'),
(114,'DJ','Djibouti','Mikä on Djiboutin väkiluku?','1 miljoona','900,000','1,1 miljoonaa','1,2 miljoonaa'),
(115,'DO','Dominican Republic','Mikä on Dominikaanisen tasavallan pääkaupunki?','Santo Domingo','Havanna','Port-au-Prince','Kingston'),
(116,'DO','Dominican Republic','Mikä on Dominikaanisen tasavallan valuutta?','Peso','Dollari','Guilder','Florin'),
(117,'DO','Dominican Republic','Mikä on Dominikaanisen tasavallan väkiluku?','11 miljoonaa','10 miljoonaa','12 miljoonaa','13 miljoonaa'),
(118,'EC','Ecuador','Mikä on Ecuadorin pääkaupunki?','Quito','Lima','Bogota','Caracas'),
(119,'EC','Ecuador','Mikä on Ecuadorin valuutta?','Dollari','Peso','Sol','Real'),
(120,'EC','Ecuador','Mikä on Ecuadorin väkiluku?','17 miljoonaa','15 miljoonaa','19 miljoonaa','21 miljoonaa'),
(121,'EG','Egypt','Mikä on Egyptin pääkaupunki?','Kairo','Riyadh','Amman','Beirut'),
(122,'EG','Egypt','Mikä on Egyptin valuutta?','Punta','Dinaari','Rial','Dirham'),
(123,'EG','Egypt','Mikä on Egyptin väkiluku?','100 miljoonaa','90 miljoonaa','110 miljoonaa','120 miljoonaa'),
(124,'EE','Estonia','Mikä on Viron pääkaupunki?','Tallinna','Riika','Vilna','Helsinki'),
(125,'EE','Estonia','Mikä on Viron valuutta?','Euro','Lira','Rupla','Kruunu'),
(126,'EE','Estonia','Mikä on Viron väkiluku?','1,3 miljoonaa','1 miljoona','1,5 miljoonaa','1,7 miljoonaa'),
(127,'ET','Ethiopia','Mikä on Etiopian pääkaupunki?','Addis Abeba','Nairobi','Kampala','Dar es Salaam'),
(128,'ET','Ethiopia','Mikä on Etiopian valuutta?','Birr','Dollari','Punta','Dirham'),
(129,'ET','Ethiopia','Mikä on Etiopian väkiluku?','110 miljoonaa','100 miljoonaa','120 miljoonaa','130 miljoonaa'),
(130,'FR','France','Mikä on Ranskan pääkaupunki?','Pariisi','Lontoo','Berliini','Madrid'),
(131,'FR','France','Mikä on Ranskan valuutta?','Euro','Frangi','Markka','Kruunu'),
(132,'FR','France','Mikä on Ranskan väkiluku?','67 miljoonaa','65 miljoonaa','69 miljoonaa','71 miljoonaa'),
(133,'FI','Finland','Mikä on Suomen pääkaupunki?','Helsinki','Oslo','Tukholma','Kööpenhamina'),
(134,'FI','Finland','Mikä on Suomen valuutta?','Euro','Dollari','Punta','Frangi'),
(135,'FI','Finland','Mikä on Suomen väkiluku?','5,5 miljoonaa','5 miljoonaa','6 miljoonaa','6,5 miljoonaa'),
(136,'GM','Gambia','Mikä on Gambian pääkaupunki?','Banjul','Dakar','Conakry','Freetown'),
(137,'GM','Gambia','Mikä on Gambian valuutta?','Dalasi','Dollari','Punta','Cedi'),
(138,'GM','Gambia','Mikä on Gambian väkiluku?','2 miljoonaa','1,5 miljoonaa','2,5 miljoonaa','3 miljoonaa'),
(139,'GE','Georgia','Mikä on Georgian pääkaupunki?','Tbilisi','Baku','Jerevan','Ankara'),
(140,'GE','Georgia','Mikä on Georgian valuutta?','Lari','Dram','Manat','Rupla'),
(141,'GE','Georgia','Mikä on Georgian väkiluku?','4 miljoonaa','3 miljoonaa','5 miljoonaa','6 miljoonaa'),
(142,'DE','Germany','Mikä on Saksan pääkaupunki?','Berliini','Wien','Bern','Amsterdam'),
(143,'DE','Germany','Mikä on Saksan valuutta?','Euro','Frangi','Markka','Kruunu'),
(144,'DE','Germany','Mikä on Saksan väkiluku?','83 miljoonaa','80 miljoonaa','85 miljoonaa','88 miljoonaa'),
(145,'GH','Ghana','Mikä on Ghanan pääkaupunki?','Accra','Lagos','Abidjan','Cotonou'),
(146,'GH','Ghana','Mikä on Ghanan valuutta?','Cedi','Dollari','Punta','Frangi'),
(147,'GH','Ghana','Mikä on Ghanan väkiluku?','30 miljoonaa','28 miljoonaa','32 miljoonaa','34 miljoonaa'),
(148,'GR','Greece','Mikä on Kreikan pääkaupunki?','Ateena','Nicosia','Ankara','Sofia'),
(149,'GR','Greece','Mikä on Kreikan valuutta?','Euro','Drahma','Lira','Punta'),
(150,'GR','Greece','Mikä on Kreikan väkiluku?','11 miljoonaa','10 miljoonaa','12 miljoonaa','13 miljoonaa'),
(151,'GT','Guatemala','Mikä on Guatemalan pääkaupunki?','Guatemala City','San Salvador','Tegucigalpa','Managua'),
(152,'GT','Guatemala','Mikä on Guatemalan valuutta?','Quetzal','Dollari','Peso','Colon'),
(153,'GT','Guatemala','Mikä on Guatemalan väkiluku?','17 miljoonaa','15 miljoonaa','19 miljoonaa','21 miljoonaa'),
(154,'GP','Guadeloupe','Mikä on Guadeloupen pääkaupunki?','Basse-Terre','Fort-de-France','Pointe-a-Pitre','Saint-Denis'),
(155,'GP','Guadeloupe','Mikä on Guadeloupen valuutta?','Euro','Dollari','Punta','Frangi'),
(156,'GP','Guadeloupe','Mikä on Guadeloupen väkiluku?','400,000','300,000','500,000','600,000'),
(157,'GU','Guam','Mikä on Guamin pääkaupunki?','Hagatna','Saipan','Palikir','Majuro'),
(158,'GU','Guam','Mikä on Guamin valuutta?','Dollari','Peso','Guilder','Florin'),
(159,'GU','Guam','Mikä on Guamin väkiluku?','170,000','160,000','180,000','190,000'),
(160,'HT','Haiti','Mikä on Haitin pääkaupunki?','Port-au-Prince','Santo Domingo','Havanna','Kingston'),
(161,'HT','Haiti','Mikä on Haitin valuutta?','Gourde','Dollari','Peso','Colon'),
(162,'HT','Haiti','Mikä on Haitin väkiluku?','11 miljoonaa','10 miljoonaa','12 miljoonaa','13 miljoonaa'),
(163,'HK','Hong Kong','Mikä on Hongkongin pääkaupunki?','Hong Kong','Peking','Taipei','Soul'),
(164,'HK','Hong Kong','Mikä on Hongkongin valuutta?','Dollari','Yuan','Jeni','Won'),
(165,'HK','Hong Kong','Mikä on Hongkongin väkiluku?','7 miljoonaa','6 miljoonaa','8 miljoonaa','9 miljoonaa'),
(166,'HU','Hungary','Mikä on Unkarin pääkaupunki?','Budapest','Wien','Praha','Varsova'),
(167,'HU','Hungary','Mikä on Unkarin valuutta?','Forintti','Euro','Frangi','Markka'),
(168,'HU','Hungary','Mikä on Unkarin väkiluku?','10 miljoonaa','9 miljoonaa','11 miljoonaa','12 miljoonaa'),
(169,'IS','Iceland','Mikä on Islannin pääkaupunki?','Reykjavik','Oslo','Helsinki','Tukholma'),
(170,'IS','Iceland','Mikä on Islannin valuutta?','Kruunu','Euro','Frangi','Markka'),
(171,'IS','Iceland','Mikä on Islannin väkiluku?','350,000','300,000','400,000','450,000'),
(172,'IN','India','Mikä on Intian pääkaupunki?','New Delhi','Islamabad','Kathmandu','Colombo'),
(173,'IN','India','Mikä on Intian valuutta?','Rupia','Taka','Rupiah','Ringgit'),
(174,'IN','India','Mikä on Intian väkiluku?','1,3 miljardia','1,2 miljardia','1,4 miljardia','1,5 miljardia'),
(175,'ID','Indonesia','Mikä on Indonesian pääkaupunki?','Jakarta','Manila','Kuala Lumpur','Bangkok'),
(176,'ID','Indonesia','Mikä on Indonesian valuutta?','Rupiah','Ringgit','Peso','Dollari'),
(177,'ID','Indonesia','Mikä on Indonesian väkiluku?','270 miljoonaa','250 miljoonaa','290 miljoonaa','310 miljoonaa'),
(178,'IR','Iran','Mikä on Iranin pääkaupunki?','Teheran','Bagdad','Kabul','Islamabad'),
(179,'IR','Iran','Mikä on Iranin valuutta?','Rial','Dinaari','Punta','Dirham'),
(180,'IR','Iran','Mikä on Iranin väkiluku?','80 miljoonaa','75 miljoonaa','85 miljoonaa','90 miljoonaa'),
(181,'IQ','Iraq','Mikä on Irakin pääkaupunki?','Bagdad','Teheran','Kuwait City','Amman'),
(182,'IQ','Iraq','Mikä on Irakin valuutta?','Dinaari','Rial','Punta','Dirham'),
(183,'IQ','Iraq','Mikä on Irakin väkiluku?','40 miljoonaa','35 miljoonaa','45 miljoonaa','50 miljoonaa'),
(184,'IE','Ireland','Mikä on Irlannin pääkaupunki?','Dublin','Belfast','Cardiff','Edinburgh'),
(185,'IE','Ireland','Mikä on Irlannin valuutta?','Euro','Punta','Frangi','Markka'),
(186,'IE','Ireland','Mikä on Irlannin väkiluku?','5 miljoonaa','4 miljoonaa','6 miljoonaa','7 miljoonaa'),
(187,'IL','Israel','Mikä on Israelin pääkaupunki?','Jerusalem','Amman','Kairo','Beirut'),
(188,'IL','Israel','Mikä on Israelin valuutta?','Sekeli','Dinaari','Punta','Dirham'),
(189,'IL','Israel','Mikä on Israelin väkiluku?','9 miljoonaa','8 miljoonaa','10 miljoonaa','11 miljoonaa'),
(190,'IT','Italy','Mikä on Italian pääkaupunki?','Rooma','Madrid','Pariisi','Berliini'),
(191,'IT','Italy','Mikä on Italian valuutta?','Euro','Lira','Frangi','Markka'),
(192,'IT','Italy','Mikä on Italian väkiluku?','60 miljoonaa','55 miljoonaa','65 miljoonaa','70 miljoonaa'),
(193,'JM','Jamaica','Mikä on Jamaikan pääkaupunki?','Kingston','Port-au-Prince','Havanna','Santo Domingo'),
(194,'JM','Jamaica','Mikä on Jamaikan valuutta?','Dollari','Peso','Guilder','Florin'),
(195,'JM','Jamaica','Mikä on Jamaikan väkiluku?','3 miljoonaa','2 miljoonaa','4 miljoonaa','5 miljoonaa'),
(196,'JP','Japan','Mikä on Japanin pääkaupunki?','Tokio','Peking','Soul','Taipei'),
(197,'JP','Japan','Mikä on Japanin valuutta?','Jeni','Yuan','Won','Dollari'),
(198,'JP','Japan','Mikä on Japanin väkiluku?','126 miljoonaa','120 miljoonaa','130 miljoonaa','135 miljoonaa'),
(199,'JO','Jordan','Mikä on Jordanian pääkaupunki?','Amman','Riyadh','Kairo','Beirut'),
(200,'JO','Jordan','Mikä on Jordanian valuutta?','Dinaari','Rial','Punta','Dirham'),
(201,'JO','Jordan','Mikä on Jordanian väkiluku?','10 miljoonaa','9 miljoonaa','11 miljoonaa','12 miljoonaa'),
(202,'KE','Kenya','Mikä on Kenian pääkaupunki?','Nairobi','Kampala','Dar es Salaam','Kigali'),
(203,'KE','Kenya','Mikä on Kenian valuutta?','Shillingi','Dollari','Punta','Frangi'),
(204,'KE','Kenya','Mikä on Kenian väkiluku?','50 miljoonaa','45 miljoonaa','55 miljoonaa','60 miljoonaa'),
(205,'KW','Kuwait','Mikä on Kuwaitin pääkaupunki?','Kuwait City','Doha','Manama','Muscat'),
(206,'KW','Kuwait','Mikä on Kuwaitin valuutta?','Dinaari','Rial','Punta','Dirham'),
(207,'KW','Kuwait','Mikä on Kuwaitin väkiluku?','4 miljoonaa','3 miljoonaa','5 miljoonaa','6 miljoonaa'),
(208,'KG','Kyrgyzstan','Mikä on Kirgisian pääkaupunki?','Bishkek','Dushanbe','Tashkent','Ashgabat'),
(209,'KG','Kyrgyzstan','Mikä on Kirgisian valuutta?','Som','Dollari','Rupla','Tenge'),
(210,'KG','Kyrgyzstan','Mikä on Kirgisian väkiluku?','6 miljoonaa','5 miljoonaa','7 miljoonaa','8 miljoonaa'),
(211,'LB','Lebanon','Mikä on Libanonin pääkaupunki?','Beirut','Damaskos','Amman','Nicosia'),
(212,'LB','Lebanon','Mikä on Libanonin valuutta?','Punta','Dinaari','Rial','Dirham'),
(213,'LB','Lebanon','Mikä on Libanonin väkiluku?','7 miljoonaa','6 miljoonaa','8 miljoonaa','9 miljoonaa'),
(214,'LR','Liberia','Mikä on Liberian pääkaupunki?','Monrovia','Freetown','Banjul','Conakry'),
(215,'LR','Liberia','Mikä on Liberian valuutta?','Dollari','Peso','Guilder','Florin'),
(216,'LR','Liberia','Mikä on Liberian väkiluku?','5 miljoonaa','4 miljoonaa','6 miljoonaa','7 miljoonaa'),
(217,'LY','Libya','Mikä on Libyan pääkaupunki?','Tripoli','Tunis','Algiers','Rabat'),
(218,'LY','Libya','Mikä on Libyan valuutta?','Dinaari','Euro','Punta','Dirham'),
(219,'LY','Libya','Mikä on Libyan väkiluku?','7 miljoonaa','6 miljoonaa','8 miljoonaa','9 miljoonaa'),
(220,'LT','Lithuania','Mikä on Liettuan pääkaupunki?','Vilna','Riika','Tallinna','Varsova'),
(221,'LT','Lithuania','Mikä on Liettuan valuutta?','Euro','Lira','Rupla','Kruunu'),
(222,'LT','Lithuania','Mikä on Liettuan väkiluku?','3 miljoonaa','2 miljoonaa','4 miljoonaa','5 miljoonaa'),
(223,'LU','Luxembourg','Mikä on Luxemburgin pääkaupunki?','Luxemburg','Bryssel','Amsterdam','Pariisi'),
(224,'LU','Luxembourg','Mikä on Luxemburgin valuutta?','Euro','Frangi','Markka','Kruunu'),
(225,'LU','Luxembourg','Mikä on Luxemburgin väkiluku?','600,000','500,000','700,000','800,000'),
(226,'MG','Madagascar','Mikä on Madagaskarin pääkaupunki?','Antananarivo','Maputo','Harare','Lusaka'),
(227,'MG','Madagascar','Mikä on Madagaskarin valuutta?','Ariary','Dollari','Punta','Frangi'),
(228,'MG','Madagascar','Mikä on Madagaskarin väkiluku?','27 miljoonaa','25 miljoonaa','29 miljoonaa','31 miljoonaa'),
(229,'MW','Malawi','Mikä on Malawin pääkaupunki?','Lilongwe','Lusaka','Harare','Gaborone'),
(230,'MW','Malawi','Mikä on Malawin valuutta?','Kwacha','Dollari','Randi','Pula'),
(231,'MW','Malawi','Mikä on Malawin väkiluku?','20 miljoonaa','18 miljoonaa','22 miljoonaa','24 miljoonaa'),
(232,'MY','Malaysia','Mikä on Malesian pääkaupunki?','Kuala Lumpur','Jakarta','Manila','Bangkok'),
(233,'MY','Malaysia','Mikä on Malesian valuutta?','Ringgit','Rupia','Peso','Baht'),
(234,'MY','Malaysia','Mikä on Malesian väkiluku?','32 miljoonaa','30 miljoonaa','34 miljoonaa','36 miljoonaa'),
(235,'MX','Mexico','Mikä on Meksikon pääkaupunki?','Mexico City','Bogota','Lima','Caracas'),
(236,'MX','Mexico','Mikä on Meksikon valuutta?','Peso','Sol','Real','Boliviano'),
(237,'MX','Mexico','Mikä on Meksikon väkiluku?','130 miljoonaa','120 miljoonaa','140 miljoonaa','150 miljoonaa'),
(238,'NZ','New Zealand','Mikä on Uuden-Seelannin pääkaupunki?','Wellington','Canberra','Suva','Port Moresby'),
(239,'NZ','New Zealand','Mikä on Uuden-Seelannin valuutta?','Dollari','Punta','Euro','Jeni'),
(240,'NZ','New Zealand','Mikä on Uuden-Seelannin väkiluku?','5 miljoonaa','4 miljoonaa','6 miljoonaa','7 miljoonaa'),
(241,'LC','Saint Lucia','Mikä on Saint Lucian pääkaupunki?','Castries','Kingston','Port of Spain','Bridgetown'),
(242,'LC','Saint Lucia','Mikä on Saint Lucian valuutta?','Dollari','Peso','Guilder','Florin'),
(243,'LC','Saint Lucia','Mikä on Saint Lucian väkiluku?','180,000','160,000','200,000','220,000'),
(244,'ZA','South Africa','Mikä on Etelä-Afrikan pääkaupunki?','Pretoria','Harare','Windhoek','Gaborone'),
(245,'ZA','South Africa','Mikä on Etelä-Afrikan valuutta?','Randi','Dollari','Pula','Kwacha'),
(246,'ZA','South Africa','Mikä on Etelä-Afrikan väkiluku?','60 miljoonaa','55 miljoonaa','65 miljoonaa','70 miljoonaa'),
(247,'LK','Sri Lanka','Mikä on Sri Lankan pääkaupunki?','Colombo','Dhaka','Kathmandu','Islamabad'),
(248,'LK','Sri Lanka','Mikä on Sri Lankan valuutta?','Rupia','Taka','Rupia','Ringgit'),
(249,'LK','Sri Lanka','Mikä on Sri Lankan väkiluku?','22 miljoonaa','20 miljoonaa','24 miljoonaa','26 miljoonaa'),
(250,'SE','Sweden','Mikä ruotsalainen kaupunki tunnetaan saaristostaan?','Tukholma','Göteborg','Malmö','Uppsala'),
(251,'SE','Sweden','Mikä on perinteinen ruotsalainen ruokalaji?','Lihapullat','Sushi','Pizza','Taco'),
(252,'SE','Sweden','Mikä ruotsalainen yritys on kuuluisa huonekaluista?','IKEA','H&M','Volvo','Ericsson'),
(253,'CH','Switzerland','Mikä sveitsiläinen kaupunki tunnetaan pankkitoiminnasta?','Zurich','Geneve','Bern','Lausanne'),
(254,'CH','Switzerland','Mikä on kuuluisa sveitsiläinen suklaamerkki?','Lindt','Cadbury','Hershey','Nestle'),
(255,'CH','Switzerland','Mikä sveitsiläinen vuori on suosittu hiihtokohde?','Matterhorn','Mont Blanc','Eiger','Jungfrau'),
(256,'AE','United Arab Emirates','Mikä on Yhdistyneiden arabiemiirikuntien pääkaupunki?','Abu Dhabi','Doha','Manama','Muscat'),
(257,'AE','United Arab Emirates','Mikä on Yhdistyneiden arabiemiirikuntien valuutta?','Dirham','Rial','Dinaari','Punta'),
(258,'AE','United Arab Emirates','Mikä on Yhdistyneiden arabiemiirikuntien väkiluku?','10 miljoonaa','9 miljoonaa','11 miljoonaa','12 miljoonaa'),
(259,'GB','United Kingdom','Mikä on Yhdistyneen kuningaskunnan pääkaupunki?','Lontoo','Dublin','Edinburgh','Cardiff'),
(260,'GB','United Kingdom','Mikä on Yhdistyneen kuningaskunnan valuutta?','Punta','Euro','Frangi','Markka'),
(261,'GB','United Kingdom','Mikä on Yhdistyneen kuningaskunnan väkiluku?','67 miljoonaa','65 miljoonaa','69 miljoonaa','71 miljoonaa'),
(262,'US','United States','Mikä on Yhdysvaltojen pääkaupunki?','Washington','New York','Los Angeles','Chicago'),
(263,'US','United States','Mikä on Yhdysvaltojen valuutta?','Dollari','Punta','Euro','Jeni'),
(264,'US','United States','Mikä on Yhdysvaltojen väkiluku?','330 miljoonaa','320 miljoonaa','340 miljoonaa','350 miljoonaa'),
(265,'ZW','Zimbabwe','Mikä on Zimbabwen pääkaupunki?','Harare','Lusaka','Gaborone','Windhoek'),
(266,'ZW','Zimbabwe','Mikä on Zimbabwen valuutta?','Dollari','Randi','Kwacha','Pula'),
(267,'ZW','Zimbabwe','Mikä on Zimbabwen väkiluku?','15 miljoonaa','13 miljoonaa','17 miljoonaa','19 miljoonaa'),
-- couple of questions for antarctica
(268,'AQ','Antarctica','Mikä on Antarktikan valuutta?','Etelämantereen dollari','Euro', 'Punta', 'Jääpala'),
(269,'AQ','Antarctica','Mikä on Antarktikan pingviini väkiluku?','44.000.000','100.000', '200.000.000', '12.000.000');

/*!40000 ALTER TABLE `country_questions` ENABLE KEYS */;
UNLOCK TABLES;

--
-- Table structure for table `game`
--

DROP TABLE IF EXISTS `game`;
/*!40101 SET @saved_cs_client     = @@character_set_client */;
/*!40101 SET character_set_client = utf8 */;
CREATE TABLE `game` (
  `Id` int(11) NOT NULL AUTO_INCREMENT,
  `game_over` tinyint(1) DEFAULT NULL,
  PRIMARY KEY (`Id`)
) ENGINE=InnoDB DEFAULT CHARSET=utf8mb4 COLLATE=utf8mb4_general_ci;
/*!40101 SET character_set_client = @saved_cs_client */;

--
-- Dumping data for table `game`
--

LOCK TABLES `game` WRITE;
/*!40000 ALTER TABLE `game` DISABLE KEYS */;
/*!40000 ALTER TABLE `game` ENABLE KEYS */;
UNLOCK TABLES;

--
-- Table structure for table `game_airports`
--

DROP TABLE IF EXISTS `game_airports`;
/*!40101 SET @saved_cs_client     = @@character_set_client */;
/*!40101 SET character_set_client = utf8 */;
CREATE TABLE `game_airports` (
  `game_id` int(11) NOT NULL,
  `airport_ident` varchar(40) NOT NULL,
  KEY `game_id` (`game_id`),
  KEY `airport_ident` (`airport_ident`),
  CONSTRAINT `game_airports_ibfk_1` FOREIGN KEY (`game_id`) REFERENCES `game` (`Id`) ON DELETE CASCADE,
  CONSTRAINT `game_airports_ibfk_2` FOREIGN KEY (`airport_ident`) REFERENCES `airport` (`ident`) ON DELETE CASCADE
) ENGINE=InnoDB DEFAULT CHARSET=latin1 COLLATE=latin1_swedish_ci;
/*!40101 SET character_set_client = @saved_cs_client */;

--
-- Dumping data for table `game_airports`
--

LOCK TABLES `game_airports` WRITE;
/*!40000 ALTER TABLE `game_airports` DISABLE KEYS */;
/*!40000 ALTER TABLE `game_airports` ENABLE KEYS */;
UNLOCK TABLES;

--
-- Table structure for table `player`
--

DROP TABLE IF EXISTS `player`;
/*!40101 SET @saved_cs_client     = @@character_set_client */;
/*!40101 SET character_set_client = utf8 */;
CREATE TABLE `player` (
  `Id` int(11) NOT NULL AUTO_INCREMENT,
  `user_name` varchar(255) NOT NULL,
  `co2_consumed` int(11) NOT NULL,
  `money` int(11) NOT NULL,
  `location` varchar(40) NOT NULL,
  PRIMARY KEY (`Id`),
  KEY `location` (`location`),
  CONSTRAINT `player_ibfk_1` FOREIGN KEY (`location`) REFERENCES `airport` (`ident`)
) ENGINE=InnoDB DEFAULT CHARSET=latin1 COLLATE=latin1_swedish_ci;
/*!40101 SET character_set_client = @saved_cs_client */;

--
-- Dumping data for table `player`
--

LOCK TABLES `player` WRITE;
/*!40000 ALTER TABLE `player` DISABLE KEYS */;
/*!40000 ALTER TABLE `player` ENABLE KEYS */;
UNLOCK TABLES;

--
-- Table structure for table `player_game`
--

DROP TABLE IF EXISTS `player_game`;
/*!40101 SET @saved_cs_client     = @@character_set_client */;
/*!40101 SET character_set_client = utf8 */;
CREATE TABLE `player_game` (
  `player_id` int(11) NOT NULL,
  `game_id` int(11) NOT NULL,
  PRIMARY KEY (`player_id`,`game_id`),
  KEY `game_id` (`game_id`),
  CONSTRAINT `player_game_ibfk_1` FOREIGN KEY (`player_id`) REFERENCES `player` (`Id`) ON DELETE CASCADE,
  CONSTRAINT `player_game_ibfk_2` FOREIGN KEY (`game_id`) REFERENCES `game` (`Id`) ON DELETE CASCADE
) ENGINE=InnoDB DEFAULT CHARSET=utf8mb4 COLLATE=utf8mb4_general_ci;
/*!40101 SET character_set_client = @saved_cs_client */;

--
-- Dumping data for table `player_game`
--

LOCK TABLES `player_game` WRITE;
/*!40000 ALTER TABLE `player_game` DISABLE KEYS */;
/*!40000 ALTER TABLE `player_game` ENABLE KEYS */;
UNLOCK TABLES;

--
-- Table structure for table `player_visited`
--

DROP TABLE IF EXISTS `player_visited`;
/*!40101 SET @saved_cs_client     = @@character_set_client */;
/*!40101 SET character_set_client = utf8 */;
CREATE TABLE `player_visited` (
  `player_id` int(11) NOT NULL,
  `visited_continent` varchar(40) NOT NULL,
  KEY `player_id` (`player_id`),
  KEY `visited_continent` (`visited_continent`),
  CONSTRAINT `player_visited_ibfk_1` FOREIGN KEY (`player_id`) REFERENCES `player` (`Id`) ON DELETE CASCADE,
  CONSTRAINT `player_visited_ibfk_2` FOREIGN KEY (`visited_continent`) REFERENCES `airport` (`continent`) ON DELETE CASCADE
) ENGINE=InnoDB DEFAULT CHARSET=latin1 COLLATE=latin1_swedish_ci;
/*!40101 SET character_set_client = @saved_cs_client */;

--
-- Dumping data for table `player_visited`
--

LOCK TABLES `player_visited` WRITE;
/*!40000 ALTER TABLE `player_visited` DISABLE KEYS */;
/*!40000 ALTER TABLE `player_visited` ENABLE KEYS */;
UNLOCK TABLES;
/*!40103 SET TIME_ZONE=@OLD_TIME_ZONE */;

/*!40101 SET SQL_MODE=@OLD_SQL_MODE */;
/*!40014 SET FOREIGN_KEY_CHECKS=@OLD_FOREIGN_KEY_CHECKS */;
/*!40014 SET UNIQUE_CHECKS=@OLD_UNIQUE_CHECKS */;
/*!40101 SET CHARACTER_SET_CLIENT=@OLD_CHARACTER_SET_CLIENT */;
/*!40101 SET CHARACTER_SET_RESULTS=@OLD_CHARACTER_SET_RESULTS */;
/*!40101 SET COLLATION_CONNECTION=@OLD_COLLATION_CONNECTION */;
/*!40111 SET SQL_NOTES=@OLD_SQL_NOTES */;

-- Dump completed on 2024-10-05 11:24:47
